Date,Sensor1,Sensor2,Sensor3,nodeid,battery (%)
2018-05-16,0.5,0.9,5.1,2,94
2018-05-16,0,0,5.4,2,94
2018-05-16,0,0,4.1,2,94
2018-05-16,0,0,3.5,2,93
2018-05-16,0,3.8,3.1,2,93
2018-05-16,5.8,11.4,3.5,2,93
2018-05-16,8.4,10.4,0,2,93
2018-05-16,0.9,0,1.2,2,94
2018-05-16,1.2,0,3.8,2,93
2018-05-16,1.8,0.2,2.2,2,93
2018-05-16,2.5,1.5,2.8,2,93
2018-05-16,3.8,2.8,3.5,2,93
2018-05-16,4.5,3.5,4.5,2,91
2018-05-17,5.8,4.1,4.1,2,93
2018-05-17,7.1,4.5,3.5,2,93
2018-05-17,8.1,5.4,2.8,2,93
2018-05-17,10.4,5.8,2.8,2,93
2018-05-17,10.7,6.1,3.1,2,93
2018-05-17,10.8,6.8,2.8,2,93
2018-05-17,10.8,7.1,2.5,2,93
2018-05-17,10.5,7.4,2.8,2,93
2018-05-17,10.9,7.8,2.8,2,93
2018-05-17,11.5,8.4,2.5,2,92
2018-05-17,12,8.1,2.8,2,92
2018-05-17,12.5,8.4,2.2,2,92
2018-05-17,13.2,8.8,2.5,2,92
2018-05-17,14.1,10.4,2.2,2,92
2018-05-17,15.1,10.6,2.2,2,92
2018-05-17,16,10.8,2.2,2,92
2018-05-17,16.4,10.8,2.2,2,92
2018-05-17,17,10.8,2.5,2,92
2018-05-17,17.3,10.8,2.2,2,92
2018-05-17,17.5,10.8,2.2,2,91
2018-05-17,17.6,10.8,1.8,2,92
2018-05-17,17.9,10.8,2.2,2,92
2018-05-17,17.9,11,2.2,2,92
2018-05-17,18,10.8,2.2,2,91
2018-05-18,18,11,2.2,2,87
2018-05-18,18,10.8,2.2,2,92
2018-05-18,18,11,2.2,2,92
2018-05-18,18,11.1,2.2,2,92
2018-05-18,18.2,11.1,2.2,2,91
2018-05-18,18.2,11.1,0.9,2,91
2018-05-18,18.3,11.2,2.2,2,92
2018-05-18,18.2,11.2,2.2,2,92
2018-05-18,18.3,11.2,2.2,2,91
2018-05-18,18.2,11.2,2.2,2,92
2018-05-18,18.3,11.2,1.8,2,92
2018-05-18,18.5,11.3,1.8,2,92
2018-05-18,19,11.4,1.8,2,91
2018-05-18,19,11.5,1.8,2,91
2018-05-18,19.2,11.5,2.2,2,91
2018-05-18,19.5,11.6,1.8,2,91
2018-05-18,19.4,11.7,1.8,2,91
2018-05-18,19.5,11.5,1.8,2,89
2018-05-18,19.5,11.6,1.8,2,91
2018-05-18,19.7,11.6,1.8,2,91
2018-05-18,19.8,11.6,1.8,2,91
2018-05-18,19.6,11.6,1.5,2,91
2018-05-18,19.7,11.6,2.2,2,91
2018-05-18,19.6,11.6,1.8,2,91
2018-05-19,18.8,11.6,1.8,2,91
2018-05-19,18.2,11.8,1.8,2,91
2018-05-19,18,11.7,2.5,2,91
2018-05-19,17.7,11.7,2.2,2,91
2018-05-19,17.8,11.7,2.2,2,91
2018-05-19,17.6,11.7,2.2,2,91
2018-05-19,17.5,11.8,2.2,2,91
2018-05-19,17.4,11.8,1.8,2,91
2018-05-19,17.3,12,2.2,2,91
2018-05-19,17.6,11.8,2.5,2,90
2018-05-19,17.1,11.6,1.8,2,87
2018-05-19,17.3,11.6,2.2,2,91
2018-05-19,17.5,11.6,1.8,2,91
2018-05-19,18,11.6,1.8,2,91
2018-05-19,18.4,11.6,1.5,2,91
2018-05-19,18.8,11.9,1.8,2,91
2018-05-19,19.1,11.9,1.8,2,91
2018-05-19,19.3,11.9,1.8,2,91
2018-05-19,19.6,11.9,1.8,2,88
2018-05-19,19.3,11.8,1.8,2,90
2018-05-19,19.1,11.7,1.8,2,91
2018-05-19,19.3,11.8,1.8,2,86
2018-05-19,19.3,11.8,2.2,2,90
2018-05-20,19.4,11.7,1.8,2,85
2018-05-20,19.5,11.8,1.8,2,90
2018-05-20,19.5,11.9,1.8,2,90
2018-05-20,19.7,11.9,1.8,2,90
2018-05-20,19.7,12,2.2,2,90
2018-05-20,19.6,12,1.8,2,90
2018-05-20,19.9,12,1.8,2,89
2018-05-20,19.9,12,1.8,2,89
2018-05-20,19.9,12,2.2,2,90
2018-05-20,19.9,12,1.8,2,89
2018-05-20,19.9,12,1.8,2,89
2018-05-20,20.1,12,1.2,2,89
2018-05-20,20.2,12,1.8,2,89
2018-05-20,20.2,12,1.8,2,89
2018-05-20,20.3,12.2,1.8,2,88
2018-05-20,20.3,12.4,1.8,2,90
2018-05-20,20.5,12.4,1.8,2,87
2018-05-20,20.7,12.5,1.8,2,90
2018-05-20,21,12.5,1.8,2,90
2018-05-20,21.2,12.6,1.8,2,90
2018-05-20,21.5,12.5,1.8,2,90
2018-05-20,21.5,12.5,1.8,2,90
2018-05-20,21.5,12.5,2.2,2,89
2018-05-20,21.2,12.5,2.2,2,89
2018-05-20,21.1,12.5,1.8,2,89
2018-05-20,21.1,12.5,1.8,2,89
2018-05-21,21.2,12.3,1.8,2,90
2018-05-21,21.2,12.5,1.8,2,90
2018-05-21,21.4,12.4,1.8,2,89
2018-05-21,21.1,12.5,2.2,2,89
2018-05-21,21.7,12.5,2.2,2,89
2018-05-21,21.6,12.6,1.8,2,89
2018-05-21,21.6,12.5,1.8,2,89
2018-05-21,21.7,12.7,2.2,2,89
2018-05-21,22.2,12.6,1.8,2,89
2018-05-21,22.3,12.7,2.2,2,89
2018-05-21,22.3,12.7,2.2,2,89
2018-05-21,22.3,12.7,2.2,2,89
2018-05-21,22.3,12.7,2.2,2,89
2018-05-21,22.4,12.7,1.2,2,89
2018-05-21,22.7,12.9,2.2,2,89
2018-05-21,22.7,12.9,2.2,2,89
2018-05-21,22.7,12.9,2.2,2,89
2018-05-21,22.7,12.9,2.2,2,89
2018-05-21,23,13,2.2,2,89
2018-05-21,22.9,13.2,2.2,2,89
2018-05-21,23.1,13.3,2.5,2,89
2018-05-21,23.3,13.4,2.5,2,89
2018-05-21,23.3,13.4,2.5,2,89
2018-05-21,23.4,13.3,2.5,2,89
2018-05-21,23.4,13.3,2.5,2,89
2018-05-21,23.4,13.3,2.5,2,89
2018-05-21,23.4,13.3,2.5,2,89
2018-05-21,23.4,13.3,2.5,2,89
2018-05-21,23.4,13.3,2.5,2,89
2018-05-21,23.4,13.3,2.5,2,89
2018-05-21,23.4,13.3,2.5,2,89
2018-05-21,23.6,13.4,2.8,2,89
2018-05-21,23.9,13.4,2.8,2,89
2018-05-21,23.4,13.3,3.1,2,89
2018-05-21,23.3,13.2,2.8,2,88
2018-05-21,23.2,13.1,2.8,2,88
2018-05-22,23.3,13.1,3.5,2,88
2018-05-22,23.2,13.1,2.8,2,89
2018-05-22,23.1,13.1,3.1,2,89
2018-05-22,23.3,13.2,3.1,2,89
2018-05-22,23.3,13.1,3.5,2,88
2018-05-22,23.3,13.1,3.5,2,88
2018-05-22,23.4,13.3,3.5,2,89
2018-05-22,23.5,13.2,3.5,2,88
2018-05-22,23.8,13.2,3.5,2,88
2018-05-22,23.5,13.3,3.8,2,89
2018-05-22,23.7,13.3,3.8,2,88
2018-05-22,23.9,13.4,3.5,2,88
2018-05-22,24.2,13.6,4.1,2,88
2018-05-22,24.6,13.6,4.1,2,88
2018-05-22,24.9,13.9,3.8,2,84
2018-05-22,25.4,14.1,4.1,2,89
2018-05-22,25.4,14.4,4.5,2,89
2018-05-22,25.7,14.5,4.5,2,86
2018-05-22,26.2,14.5,4.8,2,89
2018-05-22,26.1,14.5,4.8,2,85
2018-05-22,26.3,14.5,5.1,2,88
2018-05-22,26.3,14.5,5.1,2,88
2018-05-22,26.2,14.4,5.4,2,88
2018-05-22,26.1,14.2,5.4,2,88
2018-05-22,26.1,14.2,5.4,2,88
2018-05-22,25.6,14.1,5.4,2,88
2018-05-22,25.4,13.9,5.8,2,88
2018-05-23,25.1,13.9,5.4,2,88
2018-05-23,25.2,14,6.1,2,88
2018-05-23,25.1,14,6.1,2,88
2018-05-23,25.2,13.9,6.1,2,88
2018-05-23,25.1,14,6.1,2,88
2018-05-23,25.4,13.9,6.4,2,85
2018-05-23,25.4,13.9,6.4,2,85
2018-05-23,25.3,14.2,6.4,2,88
2018-05-23,25.3,14.2,6.4,2,88
2018-05-23,25.4,14,6.8,2,88
2018-05-23,26.1,14.3,6.8,2,88
2018-05-23,26.7,14.6,6.8,2,84
2018-05-23,27.7,15,6.4,2,88
2018-05-23,27.9,15.2,7.1,2,85
2018-05-23,27.9,15.2,7.1,2,85
2018-05-23,27.9,15.2,7.1,2,85
2018-05-23,28.1,15.5,7.1,2,88
2018-05-23,28.4,15.7,7.4,2,87
2018-05-23,28.6,15.7,7.4,2,88
2018-05-23,29,15.9,8.1,2,88
2018-05-23,29.2,16,8.4,2,88
2018-05-23,29.5,16.1,8.4,2,86
2018-05-23,29.7,16,10.4,2,88
2018-05-23,29.3,15.7,10.5,2,88
2018-05-23,29,15.5,10.7,2,88
2018-05-23,28.6,15.3,10.5,2,88
2018-05-24,28.5,15.1,10.6,2,83
2018-05-24,28.3,15.1,10.7,2,87
2018-05-24,28.4,15.2,10.7,2,88
2018-05-24,28.6,15.1,10.8,2,88
2018-05-24,28.1,15.1,10.7,2,88
2018-05-24,28.3,15.1,10.8,2,88
2018-05-24,28.5,15.1,10.8,2,88
2018-05-24,28.3,15.1,10.8,2,88
2018-05-24,28.7,15.2,10.8,2,88
2018-05-24,28.5,15.4,10.8,2,88
2018-05-24,29,15.8,10.9,2,88
2018-05-24,30.5,16.4,11,2,88
2018-05-24,30.8,16.5,11,2,88
2018-05-24,31,16.6,11,2,88
2018-05-24,31.4,17,11.1,2,88
2018-05-24,31.8,17.5,11.2,2,88
2018-05-24,31.8,17.7,11.2,2,88
2018-05-24,32,17.9,11.3,2,88
2018-05-24,32.4,18.1,11.4,2,88
2018-05-24,32.4,18.1,11.5,2,88
2018-05-24,32.4,18.1,11.5,2,87
2018-05-24,33,18.2,11.5,2,88
2018-05-24,33.6,18.2,11.6,2,88
2018-05-24,33.9,18,11.7,2,85
2018-05-24,34.2,17.4,11.7,2,88
2018-05-24,34.3,17.1,11.8,2,87
2018-05-24,33.8,16.9,11.9,2,87
2018-05-25,33.6,16.8,11.9,2,88
2018-05-25,33.2,16.6,12,2,88
2018-05-25,33.1,16.6,12,2,88
2018-05-25,32.8,16.5,12,2,88
2018-05-25,32.7,16.7,12,2,88
2018-05-25,33,16.6,12,2,84
2018-05-25,32.6,16.6,12.1,2,88
2018-05-25,32.4,16.6,12.1,2,87
2018-05-25,32.3,16.7,12.1,2,88
2018-05-25,32.1,16.9,12.2,2,87
2018-05-25,32.4,17.1,12.2,2,88
2018-05-25,32.8,17.6,12.3,2,88
2018-05-25,33.5,18.2,12.3,2,88
2018-05-25,34.5,18.9,12.4,2,88
2018-05-25,35.1,19.2,12.5,2,88
2018-05-25,35.2,19.5,12.5,2,88
2018-05-25,35.7,20,12.6,2,88
2018-05-25,36.2,19.9,12.8,2,88
2018-05-25,36.7,19.6,12.8,2,87
2018-05-25,37.3,19,12.9,2,87
2018-05-25,37.6,18.1,12.9,2,87
2018-05-25,37.5,18.3,12.9,2,87
2018-05-25,38,18.2,12.9,2,87
2018-05-25,37.8,18.3,13,2,87
2018-05-26,37,18.1,13,2,88
2018-05-26,36.7,18.1,13.1,2,88
2018-05-26,36.6,18.2,13.2,2,88
2018-05-26,36.7,18.5,13.2,2,88
2018-05-26,36.3,18.3,12.9,2,88
2018-05-26,36.2,18.3,13.4,2,88
2018-05-26,35.9,18.4,13.4,2,85
2018-05-26,36.3,18.6,13.4,2,88
2018-05-26,35.8,18.6,13.5,2,88
2018-05-26,35.7,18.7,13.4,2,87
2018-05-26,35.5,18.7,13.5,2,87
2018-05-26,34.9,18.8,13.5,2,87
2018-05-26,34.8,18.9,13.5,2,83
2018-05-26,34.8,19.3,13.7,2,87
2018-05-26,35.1,19.7,13.7,2,87
2018-05-26,35.5,19.7,13.8,2,87
2018-05-26,35.9,19.8,13.8,2,87
2018-05-26,36.4,19.8,13.9,2,87
2018-05-26,36.8,19.7,14,2,87
2018-05-26,37.5,19.3,13.9,2,87
2018-05-26,37,19,13.9,2,87
2018-05-26,36.9,19,14,2,87
2018-05-26,36.9,18.8,13.9,2,86
2018-05-27,36.6,18.9,14.1,2,87
2018-05-27,36.4,18.6,14.3,2,87
2018-05-27,36.4,18.6,14.1,2,87
2018-05-27,36.3,18.7,14.1,2,87
2018-05-27,36.3,18.8,14.1,2,87
2018-05-27,36.4,18.7,14.1,2,84
2018-05-27,36.4,18.9,14.3,2,87
2018-05-27,35.9,18.9,14.4,2,87
2018-05-27,36.2,18.9,14.4,2,87
2018-05-27,35.6,19.8,14.4,2,87
2018-05-27,35.7,19.7,14.5,2,87
2018-05-27,35.9,20.3,14.5,2,87
2018-05-27,36.4,20.9,14.6,2,87
2018-05-27,37,21.5,14.6,2,87
2018-05-27,38,21.8,14.7,2,85
2018-05-27,38.4,22.1,14.9,2,87
2018-05-27,39.4,22.4,15,2,87
2018-05-27,39.5,22.4,15.1,2,87
2018-05-27,39.9,21.9,15.1,2,87
2018-05-27,40.7,21.3,15.1,2,87
2018-05-27,40.5,20.9,15.1,2,87
2018-05-27,40.9,20.5,15.1,2,87
2018-05-27,30.3,20.2,15,2,87
2018-05-28,30.2,20.1,15.1,2,83
2018-05-28,28.7,20.2,15.1,2,87
2018-05-28,27.2,19.9,15.1,2,87
2018-05-28,25.5,19.8,15,2,87
2018-05-28,23.2,19.6,15,2,87
2018-05-28,16.4,19.6,15.2,2,87
2018-05-28,12.3,19.5,14.7,2,87
2018-05-28,12.9,19.6,15.1,2,86
2018-05-28,13.1,19.6,14.8,2,87
2018-05-28,11.2,19.4,14.9,2,86
2018-05-28,13.4,19.5,14.9,2,86
2018-05-28,20.5,20,15.1,2,86
2018-05-28,27.7,20.2,15.1,2,85
2018-05-28,32.4,20.5,15.2,2,87
2018-05-28,34.4,20.5,15.3,2,86
2018-05-28,35.8,20.3,15.4,2,84
2018-05-28,37.2,20.7,15.5,2,87
2018-05-28,38.1,20.6,15.5,2,87
2018-05-28,38.3,20.8,15.6,2,86
2018-05-28,38.9,20.9,15.6,2,86
2018-05-28,39,20.5,15.7,2,86
2018-05-28,39.3,20.3,15.7,2,86
2018-05-28,39.8,20.1,15.7,2,86
2018-05-28,39.8,20.1,15.7,2,86
2018-05-28,39.4,19.9,15.8,2,86
2018-05-29,39.5,19.9,15.8,2,86
2018-05-29,39.4,19.8,15.8,2,86
2018-05-29,39.1,19.8,15.8,2,86
2018-05-29,39.1,19.5,15.9,2,86
2018-05-29,39.3,19.8,15.8,2,85
2018-05-29,39.4,19.8,15.9,2,86
2018-05-29,39,20,15.7,2,86
2018-05-29,38.9,19.9,15.7,2,86
2018-05-29,38.8,19.9,15.9,2,86
2018-05-29,38.6,19.9,16,2,86
2018-05-29,38.6,20,15.9,2,86
2018-05-29,38.3,20,16,2,83
2018-05-29,38.3,20.3,16,2,86
2018-05-29,38.3,20.3,16,2,84
2018-05-29,35.8,20.3,16.2,2,86
2018-05-29,35.9,19.9,16,2,86
2018-05-29,7.4,0.5,15.1,2,86
2018-05-29,7.8,0.9,14,2,86
2018-05-29,8.1,0.9,12.9,2,86
2018-05-29,7.8,0.5,10.5,2,86
2018-05-29,8.1,2.2,0,2,86
2018-05-29,10.7,2.8,0,2,86
2018-05-29,11.5,2.5,0.2,2,86
2018-05-29,11.8,1.8,0,2,86
2018-05-30,12.1,1.5,0,2,86
2018-05-30,12.3,1.2,0,2,86
2018-05-30,12.2,1.2,0,2,86
2018-05-30,11.9,1.2,0,2,83
2018-05-30,11.5,1.5,0,2,86
2018-05-30,11.3,1.5,0,2,84
2018-05-30,11.3,1.5,0,2,85
2018-05-30,11.4,1.5,0,2,85
2018-05-30,11.2,1.2,0,2,85
2018-05-30,11.1,1.8,0,2,85
2018-05-30,10.9,1.2,0,2,86
2018-05-30,10.8,1.2,0,2,85
2018-05-30,10.6,0.9,0,2,85
2018-05-30,10.6,0.5,0,2,85
2018-05-30,10.6,0.2,0,2,85
2018-05-30,10.6,0.5,0,2,86
2018-05-30,10.6,0.5,0,2,86
2018-05-30,10.5,0.2,0,2,82
2018-05-30,8.4,3.1,0,2,85
2018-05-30,7.1,3.1,0,2,85
2018-05-30,6.4,4.8,0,2,85
2018-05-30,6.1,5.1,0,2,85
2018-05-30,6.4,5.4,0,2,84
2018-05-30,6.8,5.4,0,2,81
2018-05-31,7.1,4.8,0,2,85
2018-05-31,6.4,3.8,0,2,85
2018-05-31,7.8,2.2,0,2,85
2018-05-31,7.4,1.5,0,2,85
2018-05-31,7.4,1.5,0,2,85
2018-05-31,7.8,0.9,0,2,85
2018-05-31,7.8,0.9,0,2,85
2018-05-31,8.1,0.9,0,2,85
2018-05-31,8.4,0.9,0,2,85
2018-05-31,8.8,1.5,0,2,85
2018-05-31,10.4,1.5,0,2,85
2018-05-31,10.8,2.5,0,2,85
2018-05-31,11.1,6.8,0,2,85
2018-05-31,8.8,2.5,0,2,85
2018-05-31,8.1,0,0,2,85
2018-05-31,8.8,0,0,2,86
2018-05-31,10.4,0,0,2,86
2018-05-31,10.6,0,0,2,86
2018-05-31,10.6,0,0,2,85
2018-05-31,10.6,0,0,2,85
2018-05-31,10.6,0,0,2,84
2018-05-31,10.7,0,0,2,85
2018-05-31,10.7,0,0,2,85
2018-05-31,10.7,0,0,2,85
2018-06-01,10.8,0,0,2,85
2018-06-01,10.8,0,0,2,85
2018-06-01,10.9,0,0,2,85
2018-06-01,11.1,0.2,0,2,85
2018-06-01,11.2,0.5,0,2,85
2018-06-01,11.4,0.5,0,2,85
2018-06-01,11.4,0.5,0,2,85
2018-06-01,10.6,0.5,0,2,85
2018-06-01,8.4,1.5,0,2,85
2018-06-01,8.4,1.8,0,2,85
2018-06-01,8.1,1.5,0,2,85
2018-06-01,7.8,1.2,0,2,85
2018-06-01,6.4,0,0,2,85
2018-06-01,7.4,4.1,0,2,82
2018-06-01,7.1,4.1,0,2,85
2018-06-01,6.1,2.5,0,2,85
2018-06-01,6.8,2.5,0,2,85
2018-06-01,6.1,0.5,0,2,85
2018-06-01,6.4,0.2,0,2,85
2018-06-01,6.4,0.2,0,2,85
2018-06-01,7.1,0.2,0,2,84
2018-06-01,6.8,0.2,0,2,83
2018-06-01,7.1,0.2,0,2,85
2018-06-01,7.4,0.2,0,2,85
2018-06-02,8.1,0.2,0,2,85
2018-06-02,8.8,0.5,0,2,85
2018-06-02,10.4,1.2,0,2,85
2018-06-02,10.4,0.2,0,2,85
2018-06-02,8.4,0.2,0,2,85
2018-06-02,8.8,0.5,0,2,85
2018-06-02,8.8,0.5,0,2,85
2018-06-02,10.4,0.9,0,2,85
2018-06-02,10.5,0.9,0,2,85
2018-06-02,10.6,0.9,0,2,84
2018-06-02,10.8,2.2,0,2,84
2018-06-02,10.5,1.2,0,2,85
2018-06-02,8.8,2.8,0,2,85
2018-06-02,11.2,4.5,0,2,81
2018-06-02,13.3,6.1,0,2,85
2018-06-02,16.6,7.8,0,2,85
2018-06-02,20.2,10.4,0,2,85
2018-06-02,22.4,10.9,0,2,85
2018-06-02,22.5,10.9,0,2,85
2018-06-02,22,10.8,0,2,85
2018-06-02,21.1,10.9,0,2,84
2018-06-02,20.7,10.8,0,2,85
2018-06-02,20.5,10.9,0,2,85
2018-06-03,20.4,11,0,2,85
2018-06-03,20.6,11,0,2,85
2018-06-03,20.5,11,0,2,85
2018-06-03,20.6,11.1,0,2,85
2018-06-03,20.7,11.1,0,2,85
2018-06-03,20.8,11.2,0,2,85
2018-06-03,21,11.2,0,2,85
2018-06-03,20.9,11.3,0,2,85
2018-06-03,21.5,11.6,0,2,85
2018-06-03,22.9,11.7,0,2,82
2018-06-03,23.2,11.7,0,2,85
2018-06-03,23.3,11.7,0,2,84
2018-06-03,23.8,11.7,0,2,84
2018-06-03,25.2,11.6,0,2,84
2018-06-03,27.7,12,0,2,85
2018-06-03,30.4,12.6,0,2,85
2018-06-03,32.3,13.1,0,2,85
2018-06-03,33.8,13.5,0,2,84
2018-06-03,34.5,13.7,0,2,85
2018-06-03,34.2,13.5,0,2,85
2018-06-03,33.2,13.5,0,2,85
2018-06-03,32.7,13.3,0,2,84
2018-06-03,32.4,13.4,0,2,84
2018-06-04,32.3,13.3,0,2,84
2018-06-04,32.4,13.3,0.2,2,83
2018-06-04,32.4,13.4,0,2,85
2018-06-04,32.3,13.4,0.2,2,85
2018-06-04,32.7,13.5,0.2,2,83
2018-06-04,32.9,13.4,0.2,2,82
2018-06-04,33.2,14.1,0.2,2,85
2018-06-04,33.5,13.7,0.2,2,84
2018-06-04,33.9,13.9,0.2,2,84
2018-06-04,35.5,14,0.9,2,84
2018-06-04,37.8,14.9,0.5,2,84
2018-06-04,39.4,14.9,0.2,2,80
2018-06-04,41.2,15.3,0.5,2,84
2018-06-04,42.5,15.9,0.2,2,84
2018-06-04,44,16.6,0.5,2,84
2018-06-04,45.3,17.1,0,2,85
2018-06-04,46.4,17.4,0.9,2,84
2018-06-04,49,17.6,0.9,2,80
2018-06-04,50.2,17.7,0.9,2,84
2018-06-04,50.1,17.2,0.9,2,84
2018-06-04,46.3,16.6,1.2,2,84
2018-06-04,45.9,16.7,1.2,2,84
2018-06-05,45.2,16.4,0.9,2,84
2018-06-05,45.5,16.4,1.2,2,84
2018-06-05,45,16.4,1.2,2,80
2018-06-05,45,16.4,1.2,2,85
2018-06-05,44.6,16.4,1.2,2,84
2018-06-05,44.5,16.4,1.5,2,84
2018-06-05,44.2,16.4,1.2,2,81
2018-06-05,44.5,16.5,1.5,2,84
2018-06-05,45.3,16.6,1.8,2,85
2018-06-05,44.5,16.7,1.8,2,84
2018-06-05,44.4,16.9,1.8,2,84
2018-06-05,45.7,18,1.8,2,84
2018-06-05,46.6,17.8,1.8,2,83
2018-06-05,50.4,18.3,2.2,2,83
2018-06-05,52.3,19.1,2.8,2,84
2018-06-05,53.9,19.8,3.1,2,84
2018-06-05,54.4,20.4,3.8,2,84
2018-06-05,55.5,20.8,4.1,2,84
2018-06-05,56.5,21,4.8,2,84
2018-06-05,56.5,21,4.8,2,84
2018-06-05,57,20.4,5.1,2,84
2018-06-05,57.2,20,5.4,2,81
2018-06-05,56.5,19.6,4.8,2,84
2018-06-05,56.2,19.3,5.4,2,84
2018-06-06,56,19.1,5.4,2,84
2018-06-06,54.5,19.1,5.4,2,84
2018-06-06,53.1,18.9,5.4,2,84
2018-06-06,52.8,19,5.4,2,84
2018-06-06,52.1,19,5.4,2,84
2018-06-06,51,19,5.4,2,84
2018-06-06,51.5,18.8,5.4,2,84
2018-06-06,52.4,18.9,5.8,2,80
2018-06-06,51.5,18.9,5.8,2,84
2018-06-06,51.8,19.1,6.1,2,84
2018-06-06,51.3,19.6,6.4,2,84
2018-06-06,52.6,20.7,7.8,2,84
2018-06-06,53.6,21.4,8.4,2,82
2018-06-06,55.2,22.2,10.6,2,84
2018-06-06,56.7,22.9,11,2,84
2018-06-06,57.5,24,11.4,2,84
2018-06-06,59.9,24.2,11.8,2,84
2018-06-06,59.8,24.7,12.1,2,81
2018-06-06,58.9,25,12.3,2,84
2018-06-06,59.2,25,12.3,2,84
2018-06-06,58.9,25,12.3,2,84
2018-06-06,59.2,25.1,12.3,2,84
2018-06-06,59.2,24.5,12.2,2,84
2018-06-06,59.2,23.7,12,2,84
2018-06-06,59.2,22.9,12.1,2,81
2018-06-06,59.2,22.6,12.2,2,84
2018-06-06,58.9,22.4,12,2,84
2018-06-07,58.9,22.2,12.1,2,84
2018-06-07,58.4,22,12.1,2,84
2018-06-07,58.4,21.9,12,2,84
2018-06-07,58.7,22,12.1,2,84
2018-06-07,58.7,22,12.1,2,84
2018-06-07,57.9,21.9,12.1,2,84
2018-06-07,57.7,22,12.2,2,83
2018-06-07,56.9,22.6,12.4,2,79
2018-06-07,57.7,23.6,12.9,2,84
2018-06-07,58.2,24.5,13.4,2,84
2018-06-07,58.7,25.8,14.1,2,84
2018-06-07,59.8,26.6,14.7,2,84
2018-06-07,60.4,27.1,15.3,2,84
2018-06-07,60.3,27.9,16,2,84
2018-06-07,60.4,28.4,16,2,84
2018-06-07,60.6,28.5,16.4,2,82
2018-06-07,61,28.3,16.4,2,84
2018-06-07,60.4,27.5,15.9,2,84
2018-06-07,60.4,26.7,15.7,2,84
2018-06-07,60.6,26.3,15.5,2,84
2018-06-07,60.3,25.8,15.5,2,83
2018-06-07,60.3,25.4,15.5,2,84
2018-06-08,60.4,25.3,15.5,2,84
2018-06-08,61.1,25.2,15.4,2,83
2018-06-08,60.8,24.8,15.7,2,83
2018-06-08,61.3,24.9,15.4,2,83
2018-06-08,60.4,24.8,15.5,2,83
2018-06-08,60.6,25,15.5,2,83
2018-06-08,61,24.6,15.7,2,83
2018-06-08,61.3,24.6,15.7,2,83
2018-06-08,61,25.2,16.2,2,84
2018-06-08,60.6,26.5,16.7,2,84
2018-06-08,61.1,27.7,17.5,2,84
2018-06-08,62.2,28.8,18.4,2,84
2018-06-08,63.1,29.7,19.1,2,84
2018-06-08,63.4,30.5,20,2,84
2018-06-08,64,31.2,21.3,2,84
2018-06-08,64,31.8,21.4,2,84
2018-06-08,64,31.9,21.1,2,84
2018-06-08,64,31,20.3,2,84
2018-06-08,63.8,29.9,19.6,2,84
2018-06-08,64.9,29.3,19.5,2,84
2018-06-08,64.2,28.9,19.4,2,83
2018-06-08,64.3,28.5,19.3,2,83
2018-06-09,64.2,28.4,19.1,2,83
2018-06-09,64.3,28,19.2,2,83
2018-06-09,64.2,27.8,19.1,2,83
2018-06-09,64,27.6,19,2,83
2018-06-09,64.3,27.7,19.1,2,83
2018-06-09,64.3,27.7,19.1,2,83
2018-06-09,64.7,28,19.3,2,83
2018-06-09,65.4,28,19.1,2,83
2018-06-09,65.6,28,19.1,2,83
2018-06-09,65.1,27.9,19.2,2,83
2018-06-09,64.7,28.4,20.2,2,83
2018-06-09,64.7,29.7,21.1,2,83
2018-06-09,65.1,31.1,22.2,2,81
2018-06-09,66,32.1,23,2,84
2018-06-09,66.2,32.6,23.2,2,84
2018-06-09,67.3,33.2,24.2,2,84
2018-06-09,66.7,32.8,23,2,83
2018-06-09,67.1,32.4,23.4,2,83
2018-06-09,67.3,32.1,22.4,2,83
2018-06-09,66.9,31.7,22.3,2,83
2018-06-09,66.9,31.5,22.2,2,82
2018-06-09,66.7,31.2,22.1,2,83
2018-06-09,66.9,30.6,22.1,2,83
2018-06-09,67.3,30.5,21.7,2,83
2018-06-09,67.7,30.6,21.7,2,83
2018-06-10,66.9,30.1,21.7,2,83
2018-06-10,66.9,30.3,21.6,2,83
2018-06-10,67.3,30.3,21.8,2,83
2018-06-10,67.8,30,21.9,2,78
2018-06-10,66.9,30,21.7,2,83
2018-06-10,67.8,30.2,21.7,2,83
2018-06-10,68.4,30.5,21.7,2,83
2018-06-10,67.3,30.1,21.7,2,83
2018-06-10,67.1,30,21.8,2,83
2018-06-10,69,30.5,22.7,2,83
2018-06-10,66.7,30.9,23.4,2,83
2018-06-10,67.3,31.8,24,2,83
2018-06-10,66.7,32.6,24.9,2,83
2018-06-10,66.5,33.4,25.5,2,84
2018-06-10,66.9,33.5,25.3,2,83
2018-06-10,61.5,33.4,24.5,2,83
2018-06-10,61.3,32.9,25.4,2,83
2018-06-10,61.1,32.8,24.9,2,83
2018-06-10,60.8,32.1,24.7,2,83
2018-06-10,60.6,31.9,24.2,2,80
2018-06-10,60.4,32.1,23.9,2,83
2018-06-10,60.6,31.8,23.7,2,83
2018-06-10,60.3,31.5,23.6,2,83
2018-06-10,60.6,31.3,23.6,2,83
2018-06-11,61.3,31.5,23.7,2,79
2018-06-11,59.6,31,23.5,2,83
2018-06-11,5.4,29.2,22.3,2,83
2018-06-11,5.4,28.3,22.3,2,83
2018-06-11,5.8,27.6,22.1,2,83
2018-06-11,5.8,27.3,21.9,2,83
2018-06-11,6.1,27.1,21.8,2,83
2018-06-11,6.4,26.9,21.7,2,83
2018-06-11,6.8,26.8,21.8,2,83
2018-06-11,7.4,26.2,22.1,2,83
2018-06-11,8.4,26.3,22.7,2,83
2018-06-11,12.5,26.9,23.5,2,83
2018-06-11,18.6,27.8,24.1,2,83
2018-06-11,25.7,28.5,24.6,2,83
2018-06-11,30.6,28.9,24.9,2,83
2018-06-11,34.1,29.1,25,2,83
2018-06-11,36.8,29.3,25.5,2,83
2018-06-11,39,29.5,25.7,2,83
2018-06-11,40.8,29.5,25.4,2,83
2018-06-11,41.6,29.3,25.1,2,83
2018-06-11,42.9,29,24.5,2,83
2018-06-11,42.9,29.1,24.3,2,83
2018-06-11,43.6,29,24,2,81
2018-06-11,44.4,28.9,24,2,83
2018-06-12,44.4,28.7,23.7,2,83
2018-06-12,44.8,29,23.6,2,83
2018-06-12,45,28.6,23.8,2,83
2018-06-12,45.3,28.5,23.5,2,83
2018-06-12,45.7,28.3,23.2,2,83
2018-06-12,46,28.1,23.2,2,82
2018-06-12,46.4,28.3,23.3,2,83
2018-06-12,46.8,28.4,23.1,2,79
2018-06-12,46.7,28.3,23.5,2,83
2018-06-12,48.8,28.5,23.8,2,83
2018-06-12,48.7,28.7,24,2,82
2018-06-12,49.3,28.8,24.3,2,82
2018-06-12,49.8,29.1,24.5,2,83
2018-06-12,50.2,29.1,24.7,2,83
2018-06-12,50.4,29.2,24.5,2,83
2018-06-12,51,29.4,24.8,2,83
2018-06-12,5.1,7.8,23,2,82
2018-06-12,5.1,6.8,22.7,2,82
2018-06-12,5.1,7.4,22.6,2,82
2018-06-12,5.1,11.9,22.3,2,82
2018-06-12,4.8,10.9,21.6,2,83
2018-06-12,4.5,5.4,20.4,2,83
2018-06-13,4.8,3.8,20.1,2,83
2018-06-13,4.8,3.1,19.7,2,79
2018-06-13,4.8,2.8,19.5,2,83
2018-06-13,5.1,3.1,18.8,2,83
2018-06-13,4.8,12.1,18.5,2,83
2018-06-13,4.1,11.2,18.1,2,83
2018-06-13,4.8,8.4,18,2,83
2018-06-13,4.5,6.4,17.4,2,83
2018-06-13,4.5,5.1,17.1,2,82
2018-06-13,4.5,4.1,16.9,2,82
2018-06-13,4.5,3.1,17.1,2,82
2018-06-13,4.5,2.8,16.7,2,82
2018-06-13,4.5,2.5,16.6,2,82
2018-06-13,4.5,12.9,16.2,2,82
2018-06-13,4.5,12.4,15.8,2,82
2018-06-13,4.5,11.5,15.6,2,82
2018-06-13,4.1,7.1,15.5,2,82
2018-06-13,3.8,5.1,15.2,2,79
2018-06-13,3.8,4.1,14.9,2,82
2018-06-13,3.5,3.1,14.2,2,82
2018-06-13,4.1,3.1,13.7,2,82
2018-06-13,4.1,2.5,13.2,2,82
2018-06-13,4.1,2.5,12.9,2,82
2018-06-13,4.1,2.2,12.5,2,82
2018-06-14,4.1,1.8,12.2,2,82
2018-06-14,4.5,1.8,12,2,82
2018-06-14,4.5,1.8,11.8,2,82
2018-06-14,4.5,1.5,11.6,2,82
2018-06-14,4.8,1.5,11.3,2,82
2018-06-14,4.5,1.5,11.3,2,82
2018-06-14,4.8,1.5,11.2,2,82
2018-06-14,4.8,1.5,11.2,2,82
2018-06-14,4.8,1.5,11,2,82
2018-06-14,4.8,1.2,11,2,82
2018-06-14,5.1,0.9,11.2,2,81
2018-06-14,5.1,0.9,11.4,2,77
2018-06-14,5.4,0.9,11.6,2,82
2018-06-14,5.8,1.2,11.7,2,82
2018-06-14,7.8,2.8,11.9,2,82
2018-06-14,11.7,5.1,12.1,2,79
2018-06-14,14.6,7.1,12.2,2,82
2018-06-14,17.5,10.7,12.4,2,82
2018-06-14,19,11.3,12.3,2,82
2018-06-14,19.4,11.6,12.2,2,82
2018-06-14,19.2,12,12.1,2,82
2018-06-14,19,11.9,12,2,82
2018-06-14,18.8,12,11.8,2,82
2018-06-14,18.8,12,11.8,2,82
2018-06-14,18.8,12,11.8,2,78
2018-06-15,18.8,12.1,11.7,2,82
2018-06-15,19,12.3,11.7,2,82
2018-06-15,19.1,12.4,11.6,2,82
2018-06-15,19.4,12.5,11.6,2,82
2018-06-15,19.7,12.5,11.6,2,82
2018-06-15,19.9,12.6,11.6,2,82
2018-06-15,20.1,12.8,11.7,2,82
2018-06-15,20.1,12.9,11.7,2,82
2018-06-15,20.5,12.9,11.7,2,82
2018-06-15,22.5,13.2,12,2,82
2018-06-15,25.9,13.8,12.2,2,82
2018-06-15,29.3,14.8,12.5,2,82
2018-06-15,34.9,16.6,13.3,2,82
2018-06-15,37.4,17.6,13.8,2,82
2018-06-15,39.4,18.2,14,2,82
2018-06-15,40.9,18.7,14.2,2,82
2018-06-15,42.1,18.9,14,2,82
2018-06-15,41.7,18.6,13.9,2,82
2018-06-15,41.1,18.3,13.6,2,82
2018-06-15,40.7,18.4,13.4,2,82
2018-06-15,40,18.4,13.4,2,82
2018-06-15,40.2,18.5,13.4,2,82
2018-06-16,39.9,18.5,13.3,2,82
2018-06-16,39.6,18.4,13.3,2,82
2018-06-16,39.6,18.5,13.2,2,82
2018-06-16,39.5,18.5,13.2,2,78
2018-06-16,39.5,18.4,13.2,2,82
2018-06-16,39.6,18.6,13.1,2,82
2018-06-16,39.8,18.7,13.2,2,82
2018-06-16,39.9,18.8,13.3,2,80
2018-06-16,39.9,18.8,13.3,2,82
2018-06-16,39.8,18.5,13.3,2,81
2018-06-16,43.3,19.2,13.9,2,82
2018-06-16,45,19.9,14.5,2,80
2018-06-16,46.7,20.6,15.1,2,82
2018-06-16,50.7,21.6,15.9,2,82
2018-06-16,51.2,22.3,16.4,2,82
2018-06-16,52.4,22.8,17,2,82
2018-06-16,53.1,23,17.1,2,82
2018-06-16,54.2,22.9,16.9,2,82
2018-06-16,54.7,22.6,16.7,2,82
2018-06-16,54.5,22.4,16.3,2,82
2018-06-16,54.2,22.3,16.1,2,82
2018-06-16,54.1,22.4,16.2,2,81
2018-06-16,55,22.3,16.3,2,81
2018-06-17,54.1,22,16,2,81
2018-06-17,53.7,21.9,15.7,2,82
2018-06-17,53.7,22,15.8,2,82
2018-06-17,54.4,22,15.9,2,82
2018-06-17,54.2,22.2,15.7,2,82
2018-06-17,54.1,22,15.9,2,81
2018-06-17,54.2,22,15.8,2,77
2018-06-17,53.6,22,15.7,2,81
2018-06-17,53.4,21.9,15.7,2,81
2018-06-17,53.4,22.1,16,2,80
2018-06-17,54.1,22.4,16.7,2,82
2018-06-17,55.4,23.1,17,2,82
2018-06-17,56.2,23.8,17.6,2,82
2018-06-17,58,24.6,18.5,2,82
2018-06-17,58.6,25.3,19.2,2,82
2018-06-17,59.2,26.1,19.9,2,80
2018-06-17,60.4,26.5,20.3,2,82
2018-06-17,61.5,26.4,20,2,82
2018-06-17,61.5,26.4,20,2,82
2018-06-17,61.3,26.2,20,2,82
2018-06-17,62.2,26.2,19.8,2,82
2018-06-17,62.4,26.2,19.3,2,81
2018-06-17,62.2,25.7,19.1,2,81
2018-06-17,61.8,25.7,19,2,81
2018-06-17,62.4,25.5,19,2,81
2018-06-18,62,25.4,18.9,2,81
2018-06-18,62,25.3,18.9,2,81
2018-06-18,61.8,25.2,18.8,2,78
2018-06-18,61.7,25.1,18.7,2,81
2018-06-18,62.4,25.1,18.9,2,81
2018-06-18,62.2,25.1,18.9,2,81
2018-06-18,62.6,25,18.8,2,81
2018-06-18,62,25.1,18.8,2,81
2018-06-18,61.7,25,18.8,2,81
2018-06-18,61.3,25,19.1,2,81
2018-06-18,61.3,25.1,19.6,2,81
2018-06-18,62.2,26.5,20.6,2,82
2018-06-18,63.3,27.3,21.1,2,82
2018-06-18,65.4,28.1,22,2,82
2018-06-18,65.6,28.7,23,2,82
2018-06-18,65.1,29,22.9,2,82
2018-06-18,65.8,29.4,23.4,2,82
2018-06-18,66,29.4,23.7,2,82
2018-06-18,67.3,29.9,23.6,2,82
2018-06-18,66.7,29.3,23.4,2,81
2018-06-18,68,28.9,22.8,2,81
2018-06-18,66.9,29.1,22.7,2,81
2018-06-18,67.8,28.8,22.5,2,81
2018-06-18,68.2,28.7,22.5,2,81
2018-06-19,67.3,28.4,22.4,2,81
2018-06-19,67.1,27.9,22.1,2,81
2018-06-19,68,28,22.3,2,81
2018-06-19,67.3,27.7,22,2,80
2018-06-19,67.3,27.8,22,2,80
2018-06-19,67.8,28.3,22,2,80
2018-06-19,68.2,27.7,22.2,2,80
2018-06-19,67.1,27.7,22,2,81
2018-06-19,66.9,27.9,22.4,2,80
2018-06-19,67.7,28.9,23,2,81
2018-06-19,66.9,28.9,23.5,2,81
2018-06-19,68,29.8,24.2,2,81
2018-06-19,68.8,30.4,25,2,81
2018-06-19,69,31,26.1,2,81
2018-06-19,69.7,31.7,26.5,2,81
2018-06-19,70.1,31.8,27,2,81
2018-06-19,70.3,32,26.9,2,81
2018-06-19,70.7,31.9,26.7,2,81
2018-06-19,71.9,31.9,26.4,2,81
2018-06-19,70.9,31.5,25.9,2,81
2018-06-19,70.9,31.1,25.7,2,81
2018-06-19,70.9,31,25.5,2,77
2018-06-20,71.1,31.1,25.5,2,80
2018-06-20,71.7,30.9,25.3,2,80
2018-06-20,70.5,30.6,25.2,2,80
2018-06-20,70.7,30.6,25.2,2,80
2018-06-20,70.3,30.5,25,2,80
2018-06-20,70.3,30.6,25,2,80
2018-06-20,70.3,30.5,25,2,80
2018-06-20,70.3,30.5,25,2,80
2018-06-20,70.9,30.5,25.1,2,80
2018-06-20,69.9,30.5,24.9,2,80
2018-06-20,69.9,30.8,25,2,80
2018-06-20,69.5,30.8,25.6,2,80
2018-06-20,69.4,31.3,26.5,2,81
2018-06-20,70.3,32.1,27.3,2,81
2018-06-20,69.9,32.4,27.5,2,81
2018-06-20,70.3,32.8,27.7,2,76
2018-06-20,70.5,32.9,27.9,2,78
2018-06-20,71.9,33.2,28.3,2,81
2018-06-20,71.3,33,28,2,81
2018-06-20,71.5,33.1,27.8,2,80
2018-06-20,71.3,32.8,27.4,2,80
2018-06-20,71.7,32.6,27.4,2,79
2018-06-20,71.3,32.6,27.1,2,80
2018-06-20,71.9,32.4,27.2,2,80
2018-06-21,71.5,32.2,26.9,2,76
2018-06-21,71.1,32.1,26.8,2,80
2018-06-21,71.3,32.3,26.8,2,80
2018-06-21,5.8,30.8,25.4,2,80
2018-06-21,5.8,24.2,25.3,2,78
2018-06-21,5.4,12.3,25.1,2,80
2018-06-21,5.8,18.3,25,2,80
2018-06-21,6.1,23.2,25.3,2,80
2018-06-21,5.1,10.7,24.5,2,79
2018-06-21,5.1,7.8,24.8,2,80
2018-06-21,5.1,7.8,25,2,80
2018-06-21,5.1,8.1,25,2,80
2018-06-21,4.8,10.4,25.4,2,77
2018-06-21,5.1,11.3,25.7,2,80
2018-06-21,5.1,14.7,26.2,2,80
2018-06-21,5.4,19.9,26.6,2,81
2018-06-21,5.8,24.1,26.8,2,81
2018-06-21,6.4,26.6,26.9,2,81
2018-06-21,8.4,28.3,27,2,80
2018-06-21,11,29,27.1,2,80
2018-06-21,12.1,29.5,27.1,2,80
2018-06-21,6.4,19.4,26.4,2,80
2018-06-21,5.8,11.2,25.8,2,80
2018-06-21,5.4,10.8,25.6,2,80
2018-06-22,5.4,11.2,25.6,2,80
2018-06-22,5.4,11.2,25,2,80
2018-06-22,5.1,11.6,23.6,2,80
2018-06-22,5.1,11,23,2,80
2018-06-22,5.1,10.8,22.4,2,80
2018-06-22,5.1,10.8,21.9,2,80
2018-06-22,5.4,10.8,21.5,2,80
2018-06-22,5.4,10.4,21.1,2,80
2018-06-22,5.4,7.1,20.6,2,80
2018-06-22,5.4,5.4,20.4,2,79
2018-06-22,5.4,4.5,20.6,2,79
2018-06-22,5.4,3.8,20.5,2,79
2018-06-22,5.8,3.8,20.8,2,80
2018-06-22,5.8,4.5,20.8,2,79
2018-06-22,6.4,10.4,20.9,2,79
2018-06-22,6.8,11.6,20.6,2,79
2018-06-22,5.8,7.4,20.5,2,79
2018-06-22,5.4,8.1,20.1,2,79
2018-06-22,5.4,10.4,19.9,2,79
2018-06-23,5.1,8.4,17.9,2,79
2018-06-23,5.4,7.1,17.5,2,79
2018-06-23,5.1,5.8,17.1,2,79
2018-06-23,5.4,5.4,16.6,2,79
2018-06-23,5.4,4.8,16.2,2,79
2018-06-23,5.4,4.1,15.7,2,79
2018-06-23,5.8,4.1,15.5,2,79
2018-06-23,5.8,4.1,15.2,2,79
2018-06-23,5.4,6.4,13.8,2,79
2018-06-23,5.1,3.1,12.6,2,79
2018-06-23,5.1,3.1,12.3,2,78
2018-06-23,5.4,3.1,12,2,78
2018-06-23,5.4,2.8,11.6,2,78
2018-06-23,5.4,2.5,11.2,2,78
2018-06-24,5.8,2.5,10.8,2,79
2018-06-24,6.4,2.5,10.5,2,78
2018-06-24,6.4,2.5,10.4,2,75
2018-06-24,6.8,2.5,8.4,2,78
2018-06-24,7.4,2.5,7.4,2,78
2018-06-24,7.1,1.5,7.8,2,78
2018-06-24,7.4,1.5,7.8,2,78
2018-06-24,17.7,11,10.6,2,78
2018-06-25,17.2,11.2,10.6,2,78
2018-06-25,18,11.7,10.5,2,78
2018-06-25,19,11.9,10.7,2,78
2018-06-25,21.6,12,10.7,2,78
2018-06-25,25.8,12.5,10.8,2,76
2018-06-25,29.5,12.9,10.9,2,78
2018-06-25,30.2,13,11,2,78
2018-06-25,31.5,13.5,11,2,78
2018-06-25,32.9,14.1,11.2,2,78
2018-06-25,33.8,14.2,11.2,2,78
2018-06-25,35.7,14.6,11.4,2,78
2018-06-25,37.8,15.3,11.6,2,78
2018-06-25,38.4,15.7,11.6,2,78
2018-06-25,38.5,15.9,11.7,2,78
2018-06-25,37.9,16,11.7,2,78
2018-06-25,37.9,16,11.7,2,78
2018-06-25,37,15.8,11.8,2,78
2018-06-25,36.8,15.8,11.6,2,78
2018-06-26,36.7,15.9,11.6,2,78
2018-06-26,36.6,15.9,11.6,2,78
2018-06-26,36.6,15.8,11.6,2,78
2018-06-26,36.7,16.3,11.6,2,78
2018-06-26,36.4,16.1,11.7,2,78
2018-06-26,36.7,16.2,11.6,2,78
2018-06-26,37,16.2,11.6,2,78
2018-06-26,37.2,16.4,11.7,2,78
2018-06-26,37.3,16.4,11.7,2,78
2018-06-26,38.1,16.4,11.7,2,78
2018-06-26,40.8,16.3,11.8,2,78
2018-06-26,42.1,16.7,12,2,78
2018-06-26,43.8,17.2,12.2,2,78
2018-06-26,46,18.1,12.8,2,78
2018-06-26,49,18.5,13.2,2,78
2018-06-26,49.5,18.9,13.4,2,75
2018-06-26,50.2,19.2,13.7,2,78
2018-06-26,50.9,19.4,13.9,2,78
2018-06-26,51,19.6,14.1,2,78
2018-06-26,51.5,19.6,14,2,77
2018-06-26,50.7,19.7,13.9,2,77
2018-06-26,50.5,19.6,14,2,77
2018-06-26,50.5,19.5,13.9,2,77
2018-06-27,51.6,19.6,13.9,2,74
2018-06-27,51.5,19.5,13.9,2,77
2018-06-27,50.2,19.6,13.9,2,77
2018-06-27,49.1,19.5,13.9,2,75
2018-06-27,48.8,19.6,13.9,2,77
2018-06-27,46,19.8,14.1,2,76
2018-06-27,45.2,19.6,13.9,2,77
2018-06-27,44.1,19.6,13.9,2,77
2018-06-27,43.4,19.6,13.9,2,77
2018-06-27,42.9,19.5,14.2,2,77
2018-06-27,42.2,19.6,14,2,75
2018-06-27,42.1,19.6,14.3,2,77
2018-06-27,42.4,19.8,14.3,2,77
2018-06-27,43.2,20.3,14.6,2,77
2018-06-27,44.1,20.6,15,2,76
2018-06-27,44.9,21.1,15.5,2,78
2018-06-27,45.7,21.6,16.1,2,77
2018-06-27,46.6,22.3,16.4,2,78
2018-06-27,48.5,22.3,16.7,2,77
2018-06-27,46.8,22.3,16.6,2,77
2018-06-27,46.6,22.3,16.7,2,77
2018-06-27,46.4,22.1,16.7,2,77
2018-06-27,46,22.2,16.5,2,77
2018-06-27,45.5,22.1,16.5,2,77
2018-06-28,45,22.2,16.5,2,77
2018-06-28,44.4,22.1,16.6,2,77
2018-06-28,44.4,22.3,16.5,2,77
2018-06-28,44.4,22.2,16.6,2,77
2018-06-28,43.6,22,16.5,2,77
2018-06-28,42.9,21.7,16.4,2,77
2018-06-28,43.3,21.9,16.5,2,76
2018-06-28,42.5,21.9,16.5,2,77
2018-06-28,42.1,21.9,16.5,2,74
2018-06-28,41.8,21.8,16.8,2,77
2018-06-28,42,22.2,17.1,2,77
2018-06-28,42.8,22.6,17.4,2,77
2018-06-28,43.4,23.4,18,2,76
2018-06-28,44.2,23.7,18.2,2,77
2018-06-28,44.2,23.8,18.2,2,77
2018-06-28,44.2,23.8,18.2,2,77
2018-06-28,35.8,23.9,18.2,2,77
2018-06-28,37,23.7,18.3,2,77
2018-06-28,38,23.8,18.1,2,77
2018-06-28,38.6,23.8,18.1,2,76
2018-06-28,39.1,23.6,18.1,2,77
2018-06-28,39.3,23.7,18.1,2,74
2018-06-28,39.3,23.6,18.1,2,77
2018-06-28,39.4,23.5,18.1,2,76
2018-06-29,39.3,23.6,18,2,76
2018-06-29,39.3,23.5,18,2,76
2018-06-29,39,23.5,18.1,2,74
2018-06-29,38.9,23.3,18.4,2,76
2018-06-29,39.4,23.3,18,2,76
2018-06-29,38.9,23.5,18.1,2,76
2018-06-29,38.9,23.5,18,2,76
2018-06-29,38.4,23.5,18.2,2,76
2018-06-29,38.1,23.6,18.3,2,76
2018-06-29,38.3,23.9,18.6,2,76
2018-06-29,38.6,24.2,19,2,77
2018-06-29,39.3,24.8,19.3,2,77
2018-06-29,39.8,25,19.9,2,77
2018-06-29,40.5,26.2,20.4,2,77
2018-06-29,41.1,25.8,20.8,2,77
2018-06-29,41.8,26.4,21.1,2,77
2018-06-29,42.2,26.5,21.4,2,77
2018-06-29,42.6,27,21.5,2,77
2018-06-29,42.5,26.6,21.4,2,75
2018-06-29,42.8,26.6,21.3,2,74
2018-06-29,43.2,26.4,21.3,2,76
2018-06-29,42.8,26.4,21.2,2,76
2018-06-29,43.2,26.6,21.1,2,76
2018-06-30,42.9,26.5,21.3,2,76
2018-06-30,42.9,26.6,21.2,2,76
2018-06-30,42.8,26.6,21.1,2,76
2018-06-30,43.2,26.4,21.1,2,74
2018-06-30,43.2,26.4,21.1,2,76
2018-06-30,42.8,26.5,21,2,76
2018-06-30,42.8,26.5,21,2,76
2018-06-30,42.8,26.5,21,2,76
2018-06-30,42.8,26.4,21.1,2,76
2018-06-30,43,26.4,21.1,2,76
2018-06-30,43.4,26.4,21,2,76
2018-06-30,42.6,25.9,21.1,2,76
2018-06-30,42.2,26.3,21.4,2,76
2018-06-30,42.2,26.8,21.7,2,77
2018-06-30,42.8,27,22.4,2,77
2018-06-30,42.8,27.8,22.7,2,76
2018-06-30,42.9,28.3,23.2,2,76
2018-06-30,43.2,28.7,23.8,2,77
2018-06-30,43.4,28.8,24.2,2,77
2018-06-30,43.8,29.2,24.6,2,77
2018-06-30,44.1,29.4,24.7,2,77
2018-06-30,44.4,29.2,24.9,2,76
2018-06-30,45,29.3,24.8,2,76
2018-06-30,45.3,29.3,24.5,2,76
2018-06-30,45,29.5,24.5,2,76
2018-06-30,45.6,29.2,24.4,2,76
2018-07-01,45.7,29.2,24.4,2,76
2018-07-01,45.9,29,24.2,2,75
2018-07-01,45.5,29,24.3,2,76
2018-07-01,45.5,29.1,24.4,2,76
2018-07-01,46,29,24.3,2,76
2018-07-01,45.7,29,24,2,76
2018-07-01,45.7,29,24,2,76
2018-07-01,46.1,28.8,24,2,76
2018-07-01,46.1,29.1,24,2,76
2018-07-01,46,28.8,24,2,76
2018-07-01,45.6,29.1,24.6,2,76
2018-07-01,45.6,28.9,24.5,2,76
2018-07-01,45.9,29.3,24.9,2,76
2018-07-01,45.6,29.9,25.4,2,76
2018-07-01,45.6,30.2,26.1,2,76
2018-07-01,45.6,30.6,26.5,2,76
2018-07-01,45.9,30.9,26.7,2,76
2018-07-01,46,31.1,27.1,2,76
2018-07-01,46,31.3,27.6,2,76
2018-07-01,46.4,31.7,27.5,2,76
2018-07-01,46.6,31.5,27.6,2,73
2018-07-01,46.7,31.5,27.7,2,76
2018-07-01,46.8,31.7,27.4,2,76
2018-07-01,48.7,31.5,27.2,2,76
2018-07-01,49.8,31.4,27.2,2,75
2018-07-02,49,31.5,27.1,2,75
2018-07-02,49.1,31.5,27,2,76
2018-07-02,49.3,31.2,26.8,2,75
2018-07-02,49,31.3,26.8,2,76
2018-07-02,49.3,31.2,26.7,2,75
2018-07-02,49.6,31.2,26.9,2,75
2018-07-02,49.5,31.2,26.7,2,75
2018-07-02,49.5,31.2,26.8,2,75
2018-07-02,49.8,31.2,26.7,2,72
2018-07-02,49.8,31.4,26.9,2,75
2018-07-02,49.3,31.5,27.3,2,76
2018-07-02,50.1,31.9,27.7,2,76
2018-07-02,49.9,32.6,28.7,2,76
2018-07-02,48.8,32.8,29,2,76
2018-07-02,49.3,33,29.2,2,72
2018-07-02,49.1,33.2,29.7,2,76
2018-07-02,49.5,33.4,29.7,2,75
2018-07-02,49.5,33.5,29.3,2,75
2018-07-02,50.4,33.4,29.2,2,75
2018-07-02,50.2,33.2,29.1,2,75
2018-07-02,50.1,33.2,29,2,75
2018-07-02,50.4,33.4,28.9,2,75
2018-07-02,50.4,33,29.1,2,71
2018-07-03,50.4,33.4,28.8,2,75
2018-07-03,50.4,33.5,28.9,2,75
2018-07-03,50.5,33,28.9,2,75
2018-07-03,50.7,33,28.6,2,71
2018-07-03,50.7,33.1,28.5,2,71
2018-07-03,50.9,33.6,28.8,2,72
2018-07-03,51.2,33,28.5,2,75
2018-07-03,50.9,33.1,28.6,2,74
2018-07-03,50.5,33.5,29.2,2,75
2018-07-03,50.2,33.6,29.3,2,75
2018-07-03,50.1,34.2,30.5,2,75
2018-07-03,49.9,34.3,30.9,2,75
2018-07-03,49.8,35,31.5,2,75
2018-07-03,49.8,35.4,31.9,2,75
2018-07-03,49.9,35.4,32,2,75
2018-07-03,50.1,35.4,32.6,2,75
2018-07-03,50.2,35.6,32,2,71
2018-07-03,50.5,35.6,31.9,2,75
2018-07-03,51.2,35.9,32.2,2,75
2018-07-04,51.6,35.4,31.4,2,74
2018-07-04,51.6,35.2,31.3,2,74
2018-07-04,52.3,35.2,31.2,2,74
2018-07-04,52,35.5,31.2,2,74
2018-07-04,53.4,35.4,31.1,2,74
2018-07-04,52.6,35.4,31.1,2,74
2018-07-04,52.6,35.7,31,2,74
2018-07-04,52.6,35.7,31,2,74
2018-07-04,52.4,35.6,31.4,2,74
2018-07-04,42.9,35.7,31.5,2,74
2018-07-04,40,35.6,31.8,2,74
2018-07-04,39.6,35.7,32.1,2,74
2018-07-04,39.9,35.9,32.3,2,75
2018-07-04,39.9,35.9,32.6,2,73
2018-07-04,40,36.1,33,2,71
2018-07-04,41.1,36.2,33.5,2,75
2018-07-04,40.9,36.3,34.1,2,73
2018-07-04,41.2,36.3,33.8,2,75
2018-07-04,41.7,36.6,33.9,2,75
2018-07-04,42.1,36.4,33.8,2,74
2018-07-04,34.8,36.7,33.6,2,74
2018-07-04,42.1,36.6,33.5,2,74
2018-07-04,46,36.7,33.1,2,70
2018-07-05,49.9,36.6,33,2,74
2018-07-05,50.2,36.6,33.1,2,74
2018-07-05,51.6,36.4,32.8,2,74
2018-07-05,53.1,36.3,32.6,2,74
2018-07-05,54.1,36.4,32.6,2,74
2018-07-05,54.7,36.2,33.1,2,74
2018-07-05,55.2,36.2,32.4,2,74
2018-07-05,55.4,36.1,32.2,2,73
2018-07-05,55.9,35.8,32.2,2,73
2018-07-05,55.9,35.9,32.7,2,73
2018-07-05,56.5,35.9,32.9,2,74
2018-07-05,56.5,36.4,33.6,2,74
2018-07-05,57,36.4,33.7,2,74
2018-07-05,57.4,36.1,33.9,2,74
2018-07-05,58.2,36.9,34.1,2,69
2018-07-05,58.2,36.8,34.2,2,74
2018-07-05,60.4,37,34.2,2,74
2018-07-05,63.1,37.2,34.4,2,73
2018-07-05,64.7,37.6,34.1,2,73
2018-07-05,65.4,37.4,34.2,2,73
2018-07-05,66.7,37.6,33.7,2,73
2018-07-05,68,37.3,33.8,2,73
2018-07-05,67.8,37.3,33.8,2,73
2018-07-06,68,37.5,33.5,2,73
2018-07-06,68.2,37,33.4,2,73
2018-07-06,68.4,36.9,33.2,2,73
2018-07-06,68.4,37.3,33.1,2,73
2018-07-06,68.4,37.2,33.1,2,71
2018-07-06,68.4,36.9,33,2,73
2018-07-06,68,36.8,33,2,73
2018-07-06,67.5,37,33,2,73
2018-07-06,68,37.3,32.9,2,73
2018-07-06,67.1,36.7,33,2,73
2018-07-06,65.8,36.8,33.2,2,73
2018-07-06,64.9,36.8,33.4,2,69
2018-07-06,64.3,36.7,33.5,2,74
2018-07-06,65.1,36.8,33.6,2,71
2018-07-06,64.2,36.9,33.7,2,74
2018-07-06,64,37,33.9,2,74
2018-07-06,63.4,37,33.9,2,74
2018-07-06,63.1,37.3,34.9,2,74
2018-07-06,43.3,37.4,34.2,2,69
2018-07-06,43.4,37.4,34.4,2,73
2018-07-06,45.7,37.3,34.6,2,73
2018-07-06,49.8,37.4,34.6,2,73
2018-07-06,51.5,37.6,34.6,2,73
2018-07-06,53.4,37.6,34.5,2,71
2018-07-06,54.5,37.4,34.4,2,73
2018-07-06,54.5,37.5,34.2,2,69
2018-07-06,55,37.5,34.2,2,73
2018-07-07,56.4,37.3,33.9,2,73
2018-07-07,55.5,37.4,34.2,2,69
2018-07-07,55.9,37.8,33.7,2,73
2018-07-07,55.9,36.8,33.9,2,73
2018-07-07,56.4,36.8,34.2,2,73
2018-07-07,56.5,36.7,33.4,2,73
2018-07-07,56,36.6,33.5,2,73
2018-07-07,55.7,37.2,33.2,2,73
2018-07-07,55.7,36.7,33.5,2,73
2018-07-07,55.5,36.2,33.4,2,70
2018-07-07,55.9,36.4,33.6,2,73
2018-07-07,55.5,36.4,33.2,2,73
2018-07-07,55.9,35.9,33.7,2,73
2018-07-07,55.9,36.1,33.8,2,73
2018-07-07,56,36.2,34.4,2,73
2018-07-07,56.5,36.3,34.8,2,73
2018-07-07,57.4,36.8,34.9,2,73
2018-07-07,57.9,36.9,34.8,2,73
2018-07-07,58.4,36.9,34.9,2,72
2018-07-07,58.9,37,34.8,2,73
2018-07-07,21.3,35.1,33.7,2,73
2018-07-07,16.1,33.9,33.6,2,73
2018-07-07,11.2,33.7,32.8,2,73
2018-07-08,7.4,33.7,32.8,2,73
2018-07-08,7.1,33.6,32.2,2,71
2018-07-08,7.4,33.4,31.9,2,72
2018-07-08,7.4,32.9,31.5,2,72
2018-07-08,7.4,32.1,31.4,2,73
2018-07-08,7.8,31.8,31.3,2,73
2018-07-08,7.4,31.1,30.8,2,72
2018-07-08,8.4,30.5,30.8,2,72
2018-07-08,8.4,30.2,30.6,2,72
2018-07-08,8.8,29.3,30.2,2,72
2018-07-08,10.5,29.1,30,2,73
2018-07-08,10.7,28.7,30,2,73
2018-07-08,10.9,28.1,30.1,2,73
2018-07-08,11.2,27.8,29.8,2,71
2018-07-08,11.8,27.6,29.7,2,73
2018-07-08,12.9,27.5,29.8,2,71
2018-07-08,14.5,27.4,30.2,2,73
2018-07-08,16.9,27.7,30.2,2,71
2018-07-08,19.3,27.7,30.2,2,71
2018-07-08,21.4,27.7,30.6,2,72
2018-07-08,23.2,27.9,30.3,2,72
2018-07-08,24.6,27.8,30.2,2,72
2018-07-08,25.4,27.8,30,2,72
2018-07-08,26.4,27.7,29.7,2,72
2018-07-09,27,27.5,29.5,2,72
2018-07-09,27.8,27.6,29.4,2,72
2018-07-09,28.6,27.4,29.3,2,71
2018-07-09,29.1,27.4,29.3,2,67
2018-07-09,29.7,27.3,28.9,2,72
2018-07-09,30.3,27.4,29.1,2,68
2018-07-09,31.3,27.4,29.2,2,72
2018-07-09,31.8,27.3,28.5,2,71
2018-07-09,32.1,27.2,28.6,2,69
2018-07-09,33,27.2,28.4,2,72
2018-07-09,35,27.2,28.5,2,72
2018-07-09,37.5,27.5,28.9,2,72
2018-07-09,39.9,27.7,29,2,72
2018-07-09,42.5,28,29,2,71
2018-07-09,43.6,28.3,29.2,2,73
2018-07-09,45.3,28.6,29.7,2,73
2018-07-09,46.3,28.9,29.8,2,73
2018-07-09,49,28.9,30.1,2,72
2018-07-09,49.9,29.3,30.2,2,70
2018-07-09,50.9,29.2,30.3,2,72
2018-07-09,51.8,29.3,30.1,2,72
2018-07-09,51.8,29.3,30,2,72
2018-07-09,51.8,29.4,29.3,2,72
2018-07-09,52.9,29.5,29.7,2,72
2018-07-10,53.2,29.4,29.4,2,72
2018-07-10,52.8,29.3,29.7,2,72
2018-07-10,53.1,29.2,29.2,2,72
2018-07-10,53.6,28.9,29.2,2,71
2018-07-10,53.7,28.9,29,2,72
2018-07-10,53.7,28.8,29.1,2,68
2018-07-10,54.4,28.9,28.8,2,72
2018-07-10,54.4,28.9,28.9,2,72
2018-07-10,56,29.2,29,2,71
2018-07-10,55.2,28.8,28.9,2,72
2018-07-10,55,28.9,28.8,2,72
2018-07-10,55.7,29.1,29.1,2,68
2018-07-10,56.7,29.5,29.5,2,70
2018-07-10,57.2,30.1,30.2,2,71
2018-07-10,58,30.3,30.4,2,72
2018-07-10,58.4,30.6,30.6,2,69
2018-07-10,59.8,31,31.1,2,72
2018-07-10,59.9,31,31.5,2,72
2018-07-10,60.1,31.3,31.7,2,72
2018-07-10,61,31.2,31.4,2,72
2018-07-10,61,31.3,31.4,2,72
2018-07-10,61.3,31.4,31.1,2,72
2018-07-10,62.2,31.8,31,2,72
2018-07-10,61.7,31.2,30.9,2,72
2018-07-11,62,31.3,31,2,72
2018-07-11,62.2,31.3,30.5,2,72
2018-07-11,63.1,31,30.8,2,72
2018-07-11,62.4,31,30.3,2,72
2018-07-11,62.7,30.9,30.3,2,72
2018-07-11,62.6,31,30.2,2,72
2018-07-11,63.3,31,30.4,2,72
2018-07-11,64,30.9,30,2,72
2018-07-11,63.3,30.9,30.1,2,69
2018-07-11,63.4,30.9,30.1,2,72
2018-07-11,63.6,31.1,30.6,2,72
2018-07-11,63.8,31.4,31.3,2,72
2018-07-11,64.7,31.9,31.1,2,72
2018-07-11,64.5,32,31.7,2,72
2018-07-11,64.7,32.4,32,2,72
2018-07-11,64.9,32.4,32.6,2,72
2018-07-11,65.1,33,32.6,2,72
2018-07-11,66.5,32.8,32.9,2,72
2018-07-11,66.5,32.9,32.6,2,72
2018-07-11,66,33.1,32.3,2,72
2018-07-11,68,33.1,32.2,2,72
2018-07-11,66.7,33,32.2,2,72
2018-07-12,66.9,32.7,32,2,72
2018-07-12,67.7,32.9,31.9,2,72
2018-07-12,66.9,32.7,32,2,72
2018-07-12,68.8,32.7,31.7,2,72
2018-07-12,67.1,32.9,31.7,2,72
2018-07-12,67.7,32.7,31.5,2,72
2018-07-12,69.2,32.7,31.4,2,71
2018-07-12,67.8,32.8,31.3,2,71
2018-07-12,68.2,33,31.3,2,72
2018-07-12,70.1,32.8,31.3,2,72
2018-07-12,71.3,32.9,31.5,2,72
2018-07-12,72.6,33.2,32,2,72
2018-07-12,71.7,33.5,32.7,2,72
2018-07-12,71.7,33.8,33,2,72
2018-07-12,73,34.4,33.6,2,72
2018-07-12,72.4,34.6,34.1,2,72
2018-07-12,72.6,35.1,34.8,2,72
2018-07-12,72.8,35,34.6,2,72
2018-07-12,72.4,35.2,35.2,2,72
2018-07-12,72.4,35.1,34.9,2,72
2018-07-12,73,35.1,35,2,72
2018-07-12,72.2,35.5,34.9,2,72
2018-07-12,72.2,35.4,34.5,2,72
2018-07-12,73.2,35.1,34.4,2,72
2018-07-13,71.9,35.1,34.4,2,71
2018-07-13,71.5,35.1,33.9,2,71
2018-07-13,72.4,34.9,34.3,2,69
2018-07-13,71.5,34.8,34.1,2,71
2018-07-13,72.6,34.9,33.7,2,71
2018-07-13,71.9,35.1,33.6,2,71
2018-07-13,70.9,34.9,33.9,2,71
2018-07-13,71.1,35.2,33.4,2,71
2018-07-13,69.9,35,33.4,2,67
2018-07-13,69.5,35.2,33.6,2,72
2018-07-13,69.2,35.4,34.4,2,72
2018-07-13,66.9,35.6,34.6,2,72
2018-07-13,66.7,35.7,35,2,72
2018-07-13,65.6,36.1,35.5,2,72
2018-07-13,64.3,35.8,35.5,2,72
2018-07-13,64.5,35.7,35.5,2,72
2018-07-13,64,35.2,35.2,2,72
2018-07-13,63.8,34.3,35,2,72
2018-07-13,63.8,33.7,34.6,2,72
2018-07-13,62.9,33.1,34.2,2,72
2018-07-13,3.1,11.8,0.5,2,71
2018-07-13,2.5,12.6,2.5,2,71
2018-07-13,2.2,12.3,2.5,2,72
2018-07-14,2.8,11.4,4.1,2,72
2018-07-14,2.8,10.4,10.7,2,71
2018-07-14,2.8,7.1,13.4,2,71
2018-07-14,3.1,5.8,16.9,2,71
2018-07-14,3.1,5.4,19.8,2,71
2018-07-14,3.5,4.5,21.4,2,69
2018-07-14,3.5,4.1,22.2,2,71
2018-07-14,3.5,3.8,22.3,2,71
2018-07-14,3.5,4.1,22.4,2,71
2018-07-14,3.8,6.8,22.3,2,71
2018-07-14,3.8,10.6,22.4,2,69
2018-07-14,4.1,11.6,22.4,2,72
2018-07-14,4.8,12.9,22.8,2,69
2018-07-14,5.4,14.5,23,2,72
2018-07-14,5.8,16.2,23.3,2,72
2018-07-14,6.8,17.4,23.2,2,71
2018-07-14,5.4,17.1,23.1,2,71
2018-07-14,5.4,14.8,22.7,2,69
2018-07-14,5.8,14.5,22.5,2,71
2018-07-14,5.1,15,22.4,2,69
2018-07-14,5.1,15.4,22.3,2,71
2018-07-14,4.8,15.6,22.1,2,68
2018-07-14,4.5,15.9,22,2,67
2018-07-14,4.8,16,22,2,71
2018-07-15,4.8,16.3,21.9,2,71
2018-07-15,4.5,16.4,21.7,2,69
2018-07-15,4.8,16.4,21.6,2,71
2018-07-15,4.8,16.5,21.5,2,71
2018-07-15,4.5,16.6,21.4,2,71
2018-07-15,4.5,16.7,21,2,71
2018-07-15,4.5,16.8,21.2,2,71
2018-07-15,4.5,17,21.2,2,71
2018-07-15,4.1,17.1,21,2,71
2018-07-15,3.8,17.2,21,2,71
2018-07-15,4.1,17.3,21,2,68
2018-07-15,4.1,17.5,21.1,2,69
2018-07-15,4.1,18,21.4,2,71
2018-07-15,4.1,18.6,21.7,2,71
2018-07-15,4.5,19.1,21.8,2,71
2018-07-15,4.5,19.3,21.7,2,71
2018-07-15,4.8,19.4,21.6,2,71
2018-07-15,5.1,19.4,21.6,2,71
2018-07-15,6.1,19.4,21.5,2,71
2018-07-15,7.4,19.4,21.3,2,69
2018-07-15,8.1,19.4,21.3,2,67
2018-07-15,10.4,19.5,21.5,2,68
2018-07-15,10.6,19.4,21.2,2,71
2018-07-16,10.9,19.4,21.2,2,71
2018-07-16,11.2,19.5,21.3,2,69
2018-07-16,11.3,19.6,21.1,2,71
2018-07-16,11.5,19.7,21.1,2,71
2018-07-16,11.8,19.7,21,2,71
2018-07-16,11.8,19.8,21,2,71
2018-07-16,12.1,19.9,21,2,71
2018-07-16,12.2,20,21,2,71
2018-07-16,3.8,5.8,20.8,2,71
2018-07-16,3.1,8.1,0,2,67
2018-07-16,3.5,8.8,0.2,2,69
2018-07-16,3.5,8.8,1.2,2,70
2018-07-16,3.5,8.8,3.8,2,71
2018-07-16,3.1,6.8,12,2,71
2018-07-16,2.5,6.4,14,2,71
2018-07-16,3.5,10.4,16.1,2,69
2018-07-16,3.5,11.5,17.8,2,71
2018-07-16,3.8,12.9,18.9,2,70
2018-07-16,4.1,14.5,19.4,2,71
2018-07-16,4.5,15.9,19.9,2,70
2018-07-16,4.8,17.2,20,2,71
2018-07-16,4.8,18.1,20,2,67
2018-07-17,5.1,18.8,19.9,2,71
2018-07-17,5.4,19.2,19.9,2,71
2018-07-17,5.8,19.7,20.1,2,71
2018-07-17,6.1,19.9,19.8,2,71
2018-07-17,6.4,20.2,20,2,71
2018-07-17,6.8,20.2,19.9,2,71
2018-07-17,7.1,20.3,19.8,2,71
2018-07-17,7.4,20.4,19.8,2,71
2018-07-17,7.8,20.6,19.8,2,68
2018-07-17,8.4,20.5,19.8,2,71
2018-07-17,10.5,20.3,19.9,2,71
2018-07-17,10.8,20.3,19.9,2,67
2018-07-17,11.6,20.3,20.1,2,69
2018-07-17,13.1,21,20.3,2,71
2018-07-17,14.8,21.7,20.8,2,71
2018-07-17,16.2,22.2,21.3,2,71
2018-07-17,17.1,22.6,21.5,2,71
2018-07-17,17.1,22.6,21.5,2,71
2018-07-17,19,23.2,22.2,2,69
2018-07-17,19.3,23.4,22.4,2,71
2018-07-17,19.2,23.5,22.3,2,71
2018-07-17,19.1,23.5,22.3,2,67
2018-07-17,19.2,23.5,22.3,2,71
2018-07-17,19.2,23.6,22,2,71
2018-07-18,19.3,23.5,22,2,71
2018-07-18,19.4,23.5,21.9,2,71
2018-07-18,19.5,23.5,22,2,71
2018-07-18,19.6,23.5,21.9,2,71
2018-07-18,19.8,23.6,21.9,2,71
2018-07-18,19.9,23.5,21.9,2,70
2018-07-18,20,23.5,21.8,2,70
2018-07-18,20,23.6,21.8,2,71
2018-07-18,20.1,23.3,21.8,2,70
2018-07-18,20.7,23.3,21.9,2,70
2018-07-18,21.7,23.6,22.2,2,71
2018-07-18,22.4,24.1,22.4,2,71
2018-07-18,23.5,24.6,22.9,2,70
2018-07-18,24.3,25.2,23.3,2,71
2018-07-18,25.1,25.5,23.8,2,71
2018-07-18,25.8,25.9,24.3,2,71
2018-07-18,26.7,26.4,24.3,2,68
2018-07-18,27.2,26.8,24.9,2,70
2018-07-18,27.6,26.9,25,2,70
2018-07-18,27.6,26.8,25.1,2,70
2018-07-18,27.5,27,24.9,2,71
2018-07-18,27.6,26.8,24.8,2,70
2018-07-18,27.7,27,24.9,2,70
2018-07-19,27.7,26.8,24.6,2,69
2018-07-19,28.1,27,25,2,66
2018-07-19,28.1,26.7,24.6,2,70
2018-07-19,28,26.7,24.3,2,71
2018-07-19,28.4,26.8,24.6,2,67
2018-07-19,28.3,26.6,24.4,2,70
2018-07-19,28.5,26.8,24.4,2,70
2018-07-19,28.6,26.7,24.3,2,70
2018-07-19,28.4,26.6,24.3,2,70
2018-07-19,28.9,26.7,24.6,2,70
2018-07-19,29,27,24.8,2,70
2018-07-19,29.3,27.3,25.3,2,71
2018-07-19,30,27.8,25.6,2,71
2018-07-19,30.3,28.1,26.2,2,71
2018-07-19,31.2,29,27.1,2,71
2018-07-19,32,29.1,27.3,2,70
2018-07-19,32.1,29.4,27.5,2,70
2018-07-19,32.6,29.5,27.7,2,69
2018-07-19,32.8,29.5,27.6,2,69
2018-07-19,33.2,29.5,27.6,2,70
2018-07-20,33.2,29.4,27.2,2,70
2018-07-20,33.6,29.5,27.4,2,69
2018-07-20,33.6,29.3,27.1,2,69
2018-07-20,33.6,29.2,27,2,69
2018-07-20,33.7,29.3,27,2,69
2018-07-20,33.8,29.2,27.1,2,69
2018-07-20,34.4,29.3,27.1,2,69
2018-07-20,34.2,29.3,26.9,2,68
2018-07-20,34.3,28.9,27,2,69
2018-07-20,34.4,29.3,27.1,2,69
2018-07-20,34.3,29.5,27.2,2,70
2018-07-20,34.4,29.8,27.6,2,70
2018-07-20,34.3,30,28,2,70
2018-07-20,34.6,30.4,28.1,2,71
2018-07-20,34.6,30.6,28.6,2,70
2018-07-20,34.8,30.8,29.1,2,70
2018-07-20,35,30.9,29.2,2,71
2018-07-20,35.5,31.3,30.2,2,70
2018-07-20,35.7,31.4,30.5,2,70
2018-07-20,35.6,31.7,30.6,2,69
2018-07-20,35.8,31.7,30.8,2,69
2018-07-20,36.1,31.8,30.4,2,69
2018-07-20,36.6,31.9,30.3,2,69
2018-07-20,36.8,31.5,30.6,2,66
2018-07-21,36.6,31.7,30.3,2,67
2018-07-21,36.6,31.7,30.3,2,69
2018-07-21,36.6,31.8,30.2,2,66
2018-07-21,36.8,31.8,29.9,2,69
2018-07-21,36.7,31.1,29.8,2,69
2018-07-21,37.2,31.5,29.7,2,68
2018-07-21,36.9,31.4,29.5,2,69
2018-07-21,37,31.5,29.9,2,69
2018-07-21,37,31.7,29.7,2,66
2018-07-21,37.2,31.5,29.9,2,69
2018-07-21,36.9,31.4,30.1,2,69
2018-07-21,36.8,32,30.9,2,71
2018-07-21,36.9,32.2,31.1,2,70
2018-07-21,36.9,32.6,31.4,2,69
2018-07-21,37.3,32.8,32.1,2,71
2018-07-21,37.2,33.5,32.7,2,71
2018-07-21,38,33.5,33.1,2,69
2018-07-21,38.3,33.7,33.4,2,69
2018-07-21,38.4,33.8,33.4,2,66
2018-07-21,38.6,34.2,33.6,2,69
2018-07-21,39.1,34.3,33.1,2,69
2018-07-21,39.9,34.5,33,2,69
2018-07-22,39.9,34.1,32.8,2,69
2018-07-22,40.5,34.2,32.9,2,69
2018-07-22,40.9,34.3,32.7,2,69
2018-07-22,40.9,34.3,32.6,2,69
2018-07-22,40.9,33.9,32.6,2,69
2018-07-22,41.2,34.3,32.6,2,69
2018-07-22,41.4,34.6,32.3,2,69
2018-07-22,42,34.5,32.7,2,69
2018-07-22,42.1,34.6,32.3,2,69
2018-07-22,42.4,34.6,32.9,2,69
2018-07-22,42,35,33,2,69
2018-07-22,41.8,35.2,33.8,2,67
2018-07-22,42.1,35.6,34.2,2,69
2018-07-22,41.8,35.7,34.4,2,69
2018-07-22,41.8,35.9,35.2,2,69
2018-07-22,42.4,36.2,35.2,2,65
2018-07-22,42.5,36.3,35.5,2,69
2018-07-22,42.8,36.6,35.9,2,69
2018-07-22,42.9,36.9,35.8,2,69
2018-07-22,43.7,36.9,36.1,2,65
2018-07-22,43.3,37,35.8,2,68
2018-07-22,43.7,37.2,35.7,2,69
2018-07-22,44.1,37.3,35.6,2,66
2018-07-23,44.1,37,35.5,2,69
2018-07-23,44.4,37,35.5,2,67
2018-07-23,44.6,37.9,35.5,2,69
2018-07-23,44.9,37.3,35.1,2,69
2018-07-23,45.2,37.5,34.9,2,69
2018-07-23,45.5,37.6,34.6,2,66
2018-07-23,46,37.5,34.8,2,69
2018-07-23,46.1,37.5,35.2,2,69
2018-07-23,46.1,38,35.4,2,69
2018-07-23,45.9,37.8,35.2,2,69
2018-07-23,46.3,37.9,35.5,2,69
2018-07-23,46,38,35.8,2,68
2018-07-23,46.7,38.3,36.1,2,69
2018-07-23,45.9,38.4,36.3,2,69
2018-07-23,46,38.8,36.8,2,69
2018-07-23,45.7,38.9,36.8,2,69
2018-07-23,45.9,39,37.3,2,69
2018-07-23,45.6,39.6,37.4,2,69
2018-07-23,17.7,38.1,36.7,2,68
2018-07-23,23.6,38.5,36.9,2,69
2018-07-23,29.5,38.8,36.9,2,68
2018-07-23,34.5,39,37.2,2,69
2018-07-23,38.8,39.4,37.2,2,64
2018-07-23,42.2,39.1,37,2,69
2018-07-24,45.2,39.5,37.2,2,69
2018-07-24,45.9,39.1,37,2,68
2018-07-24,49.6,39.1,36.9,2,66
2018-07-24,51.5,39.3,37.5,2,67
2018-07-24,52.6,39.3,37.3,2,68
2018-07-24,54.9,40,37,2,68
2018-07-24,56,39.5,36.7,2,68
2018-07-24,56.4,39.1,36.7,2,68
2018-07-24,57.5,39.1,36.7,2,69
2018-07-24,57.9,39.3,36.6,2,69
2018-07-24,58.7,39.3,36.8,2,68
2018-07-24,59.4,39.5,37,2,69
2018-07-24,60.3,40,37.9,2,68
2018-07-24,60.8,40,38,2,69
2018-07-24,60.3,40,38.4,2,69
2018-07-24,60.8,40.5,38.6,2,69
2018-07-24,61.1,40.3,38.9,2,69
2018-07-24,61.8,40.5,39.4,2,69
2018-07-24,62.4,40.7,39.4,2,68
2018-07-24,62.9,40.7,39.5,2,68
2018-07-24,63.4,40.8,39.9,2,68
2018-07-24,64.2,40.9,40,2,68
2018-07-24,64,40.9,39.6,2,68
2018-07-24,64.5,41.2,39.8,2,68
2018-07-24,65.3,41.3,39.9,2,69
2018-07-25,65.4,41.1,39.4,2,68
2018-07-25,65.8,40.9,39.4,2,68
2018-07-25,66.4,41.1,39.1,2,68
2018-07-25,66.9,41.2,39.5,2,68
2018-07-25,67.8,41.4,39.1,2,68
2018-07-25,67.5,41.1,38.9,2,68
2018-07-25,68.6,41.2,39.4,2,68
2018-07-25,68.2,41.2,38.8,2,65
2018-07-25,68.4,41.2,38.6,2,68
2018-07-25,68.4,41.2,38.9,2,68
2018-07-25,68.6,41.6,38.9,2,68
2018-07-25,68,41.3,39.1,2,69
2018-07-25,68,41.6,40.2,2,69
2018-07-25,69.7,42,40.3,2,69
2018-07-25,71.3,41.7,40.5,2,69
2018-07-25,73.4,41.8,41.1,2,69
2018-07-25,74.8,42.1,41.2,2,69
2018-07-25,75.2,42,41.7,2,68
2018-07-25,77.9,42.1,41.8,2,68
2018-07-25,78.3,42.4,41.7,2,68
2018-07-25,77.9,42.4,41.6,2,69
2018-07-25,79.5,42.8,42.1,2,68
2018-07-25,79.5,42.5,42,2,68
2018-07-26,79.3,42.5,41.4,2,68
2018-07-26,79.9,42.5,41.3,2,68
2018-07-26,80.4,42.5,41.2,2,68
2018-07-26,82,42.9,41.2,2,68
2018-07-26,81.2,42.6,41.1,2,67
2018-07-26,81.8,42.6,41.2,2,68
2018-07-26,82.3,43.2,41.2,2,66
2018-07-26,81.6,42.9,40.8,2,68
2018-07-26,82.9,43.2,41.2,2,68
2018-07-26,81,42.6,41.2,2,68
2018-07-26,82,43.3,40.7,2,68
2018-07-26,80.8,43.3,41.2,2,69
2018-07-26,79.7,43.2,41.4,2,68
2018-07-26,79.5,43.8,41.8,2,69
2018-07-26,79.1,43.4,42.1,2,69
2018-07-26,78.3,43.6,42.8,2,67
2018-07-26,77,43.6,42.9,2,69
2018-07-26,77.2,43.6,43.2,2,68
2018-07-26,76,43.6,43.3,2,65
2018-07-26,76,44,43.6,2,68
2018-07-26,76,43.7,43.7,2,63
2018-07-26,76,44,43.7,2,68
2018-07-26,77.2,44.1,44.2,2,63
2018-07-26,76.2,44,44.1,2,68
2018-07-27,77,44,44,2,68
2018-07-27,77,44.2,43.7,2,68
2018-07-27,76.8,44.1,43.6,2,68
2018-07-27,77,44.2,43.7,2,68
2018-07-27,77.4,44.4,43,2,68
2018-07-27,77.6,44.8,43.2,2,68
2018-07-27,77.9,44.6,42.9,2,68
2018-07-27,79.5,44.8,43.8,2,67
2018-07-27,78.5,44.9,42.9,2,68
2018-07-27,78.5,44.9,42.9,2,65
2018-07-27,78.9,45,43.2,2,68
2018-07-27,77.6,45,42.9,2,67
2018-07-27,39.4,44.4,42.9,2,68
2018-07-27,45,44.8,43,2,68
2018-07-27,49.3,44.5,43.2,2,68
2018-07-27,52.6,45,44,2,68
2018-07-27,54.9,44.6,43.7,2,67
2018-07-27,57.4,44.8,44.1,2,67
2018-07-27,59.9,45,44.6,2,67
2018-07-27,61.3,45,44.6,2,67
2018-07-27,63.8,45,44.2,2,64
2018-07-27,64.9,45.3,44.2,2,67
2018-07-28,66,44.9,44,2,68
2018-07-28,67.3,44.9,44,2,67
2018-07-28,69.7,45,44.1,2,67
2018-07-28,70.5,45.3,43.8,2,67
2018-07-28,71.3,44.6,43.8,2,67
2018-07-28,71.5,45,43.7,2,67
2018-07-28,72.6,45,43.7,2,66
2018-07-28,73.6,45,43.6,2,63
2018-07-28,75,45.2,43.8,2,67
2018-07-28,75.2,45,43.4,2,64
2018-07-28,76.8,45.3,43.7,2,67
2018-07-28,76.8,45,43.7,2,68
2018-07-28,76.6,45.3,44.1,2,68
2018-07-28,76.2,45.5,44.8,2,68
2018-07-28,76.2,45.6,44.8,2,68
2018-07-28,75.6,45.6,45.3,2,68
2018-07-28,76,45.9,45.7,2,67
2018-07-28,76,45.6,46,2,63
2018-07-28,75.8,45.6,46.6,2,67
2018-07-28,76.4,46.3,46.1,2,64
2018-07-28,76.4,46,46.4,2,67
2018-07-28,77.9,46.3,46,2,61
2018-07-29,76.8,46,46,2,62
2018-07-29,76.8,45.6,45.7,2,67
2018-07-29,77,46.1,45.9,2,67
2018-07-29,77.6,46.1,45.5,2,67
2018-07-29,77.4,46.8,45,2,67
2018-07-29,77.9,46.1,45.3,2,67
2018-07-29,77.2,46,46,2,67
2018-07-29,77,46.4,45.6,2,61
2018-07-29,78.5,46.1,45.2,2,67
2018-07-29,78.3,46.3,45,2,67
2018-07-29,77.4,46.7,45.7,2,67
2018-07-29,77.4,46.6,45.6,2,67
2018-07-29,76.4,46.6,46.3,2,68
2018-07-29,75.4,46.8,46.1,2,64
2018-07-29,74.6,46.7,46.4,2,68
2018-07-29,74,46.6,46.6,2,67
2018-07-29,73.4,46.6,46.8,2,67
2018-07-29,73,46.4,49,2,67
2018-07-29,73.2,46.8,48.8,2,67
2018-07-29,73.6,48.5,49.6,2,67
2018-07-29,74.4,47,49.3,2,67
2018-07-29,73.2,47,49.3,2,66
2018-07-29,73.2,46.8,49.1,2,67
2018-07-29,74.8,48.7,49.3,2,67
2018-07-30,73.6,46.4,49.1,2,61
2018-07-30,74.4,48.5,49.1,2,66
2018-07-30,74.8,47,49.3,2,67
2018-07-30,74.4,48.5,48.8,2,67
2018-07-30,74,49,49.3,2,67
2018-07-30,74.2,48.7,48.7,2,61
2018-07-30,75.4,49,48.7,2,67
2018-07-30,75.8,49.5,47,2,67
2018-07-30,75.4,49.1,48.7,2,67
2018-07-30,76.4,49.1,48.5,2,67
2018-07-30,76,49.3,48.5,2,67
2018-07-30,75.4,49.5,48.7,2,66
2018-07-30,74.6,49.8,49.1,2,67
2018-07-30,74.2,49.5,49.9,2,67
2018-07-30,71.7,49.8,49.8,2,67
2018-07-30,69.2,49.3,50.1,2,62
2018-07-30,68.2,49.5,50.1,2,67
2018-07-30,67.5,49.6,50.2,2,67
2018-07-30,67.7,49.1,51.3,2,66
2018-07-30,68.6,49.6,51,2,66
2018-07-30,68,49.3,51.2,2,67
2018-07-30,68.8,49.5,50.9,2,67
2018-07-30,69,49.5,51.8,2,67
2018-07-30,69.4,50.2,50.9,2,67
2018-07-31,70.9,49.6,50.7,2,67
2018-07-31,68.2,49.9,50.9,2,67
2018-07-31,69.5,49.8,50.9,2,67
2018-07-31,71.1,49.6,50.2,2,67
2018-07-31,72.2,50.4,50.5,2,61
2018-07-31,75,50.5,50.2,2,61
2018-07-31,76.6,50.1,50.2,2,67
2018-07-31,77.2,49.9,50.1,2,67
2018-07-31,78.7,50.1,51,2,67
2018-07-31,79.5,50.1,49.8,2,67
2018-07-31,80.1,50.2,49.8,2,67
2018-07-31,80.6,50.5,49.9,2,67
2018-07-31,81.4,50.4,50.1,2,67
2018-07-31,81.4,50.2,50.4,2,64
2018-07-31,81.6,50.7,50.5,2,67
2018-07-31,82,50.2,51,2,67
2018-07-31,80.6,49.9,50.9,2,67
2018-07-31,81.2,50.4,51.5,2,67
2018-07-31,80.6,49.9,51.3,2,66
2018-07-31,81.4,50.1,52.1,2,64
2018-07-31,80.8,50.4,51.6,2,66
2018-07-31,80.8,49.9,51.8,2,66
2018-07-31,82,50.2,51.6,2,66
2018-07-31,81.6,50.5,51.6,2,66
2018-08-01,80.4,50.7,52.1,2,67
2018-08-01,80.6,50.9,51.5,2,66
2018-08-01,80.8,50.5,51.3,2,66
2018-08-01,82.5,50.5,51.3,2,66
2018-08-01,80.1,50.7,51.5,2,66
2018-08-01,80.6,50.7,51,2,66
2018-08-01,81.2,50.9,51,2,64
2018-08-01,82,50.9,51,2,61
2018-08-01,81,51.3,50.9,2,65
2018-08-01,80.1,50.4,51.2,2,66
2018-08-01,79.9,51,50.7,2,66
2018-08-01,79.7,51.5,50.7,2,66
2018-08-01,82.3,51.3,51.3,2,66
2018-08-01,78.7,51.2,51,2,66
2018-08-01,78.7,51,51.3,2,66
2018-08-01,78.3,50.9,51.6,2,64
2018-08-01,78.3,51.2,52.1,2,67
2018-08-01,76.8,51.6,52.4,2,66
2018-08-01,76.6,50.9,52.1,2,64
2018-08-01,76.6,51.3,52.3,2,62
2018-08-01,76.4,51.3,52.8,2,61
2018-08-01,76.2,51,52.4,2,66
2018-08-01,77,51.2,52.9,2,66
2018-08-01,76.4,51.5,52.8,2,66
2018-08-02,77.6,51.2,52.4,2,65
2018-08-02,77.4,51.3,52.9,2,66
2018-08-02,76.8,52,52.1,2,66
2018-08-02,77.4,51.5,52.4,2,66
2018-08-02,76.6,51.8,52,2,66
2018-08-02,77.4,51.5,52,2,66
2018-08-02,77,52.3,51.8,2,66
2018-08-02,76.8,52,52.1,2,61
2018-08-02,77,52.1,51.8,2,66
2018-08-02,77.4,51.8,51.8,2,66
2018-08-02,77.2,52.3,51.6,2,66
2018-08-02,77.2,52.4,52,2,66
2018-08-02,76.6,52.3,52.6,2,66
2018-08-02,76.2,52.3,52.6,2,66
2018-08-02,75.4,52.3,52.4,2,66
2018-08-02,75,52.3,53.1,2,63
2018-08-02,74.6,52.3,52.9,2,67
2018-08-02,74.2,52.6,53.2,2,66
2018-08-02,73.4,52.3,53.7,2,66
2018-08-02,73.8,51.8,53.7,2,66
2018-08-02,73,52,54.5,2,65
2018-08-02,73.6,52.1,54.4,2,61
2018-08-02,73.2,53.1,54.1,2,61
2018-08-02,73.2,52.1,54.4,2,62
2018-08-03,74,52.3,54.1,2,66
2018-08-03,74,52.6,54.1,2,66
2018-08-03,74.2,52.3,54.7,2,66
2018-08-03,74.8,52.4,54.2,2,66
2018-08-03,74.6,52.6,54.1,2,65
2018-08-03,75.6,53.2,53.9,2,65
2018-08-03,75.2,53.6,54.1,2,65
2018-08-03,75.6,53.2,54.1,2,65
2018-08-03,76.6,53.4,53.7,2,65
2018-08-03,76.8,53.7,53.6,2,66
2018-08-03,76.2,53.6,53.6,2,66
2018-08-03,75,53.4,54.1,2,66
2018-08-03,74.4,53.4,54.7,2,67
2018-08-03,72.8,53.7,54.7,2,66
2018-08-03,72.8,53.6,55.4,2,67
2018-08-03,71.7,53.4,55.9,2,66
2018-08-03,72.2,52.9,55.9,2,66
2018-08-03,71.7,53.2,55.7,2,65
2018-08-03,71.1,53.1,55.9,2,65
2018-08-03,71.5,52.9,56.4,2,65
2018-08-03,71.9,53.1,56.9,2,65
2018-08-03,72.4,53.2,56.5,2,65
2018-08-04,72,53.2,56.7,2,65
2018-08-04,73.6,53.6,56.7,2,65
2018-08-04,72.8,53.4,56.7,2,65
2018-08-04,73.2,53.6,56.7,2,63
2018-08-04,73.8,54.2,56.7,2,64
2018-08-04,74,54.9,57.2,2,65
2018-08-04,74.6,54.2,57,2,65
2018-08-04,75.6,54.5,57.7,2,64
2018-08-04,75,55,56.7,2,65
2018-08-04,75.4,55,56.9,2,65
2018-08-04,75.8,54.9,56.7,2,65
2018-08-04,75.4,55,56.7,2,66
2018-08-04,74.6,55,57,2,66
2018-08-04,73.2,54.9,57,2,66
2018-08-04,72.8,55.4,57.4,2,66
2018-08-04,72,55.2,58.2,2,66
2018-08-04,72.2,55.2,58.2,2,66
2018-08-04,70.9,54.5,58.2,2,66
2018-08-04,70.7,54.7,58.7,2,64
2018-08-04,70.5,54.9,58.4,2,65
2018-08-04,71.1,54.5,59.4,2,65
2018-08-04,70.3,54.7,59.1,2,65
2018-08-04,70.3,54.4,59.2,2,65
2018-08-04,71.3,54.7,59.8,2,65
2018-08-05,71.5,54.5,60.8,2,65
2018-08-05,70.9,54.7,59.8,2,65
2018-08-05,72,54.7,59.8,2,59
2018-08-05,71.7,54.9,59.8,2,65
2018-08-05,72,55,59.8,2,65
2018-08-05,72.2,55.2,59.8,2,65
2018-08-05,72.2,56.4,60.1,2,61
2018-08-05,72.6,55.4,60.6,2,65
2018-08-05,72.8,55.9,59.9,2,65
2018-08-05,72.8,56.4,59.6,2,65
2018-08-05,72.6,56,59.9,2,60
2018-08-05,72.8,56.7,60.1,2,66
2018-08-05,72.2,55.9,60.8,2,65
2018-08-05,70.5,56,60.3,2,64
2018-08-05,69.9,55.9,60.6,2,66
2018-08-05,69.9,55.7,60.4,2,66
2018-08-05,68.8,55.7,60.6,2,66
2018-08-05,68.6,55.5,61,2,61
2018-08-05,68.2,55.5,61.1,2,65
2018-08-05,68.6,55.4,62,2,65
2018-08-05,68,55.5,61.5,2,64
2018-08-05,68.8,55.4,61.8,2,64
2018-08-05,68.2,55.4,62.6,2,64
2018-08-05,68.4,55.2,62,2,64
2018-08-06,69.5,55.5,62,2,65
2018-08-06,69.2,56.5,62.2,2,65
2018-08-06,70.1,55.9,62.6,2,65
2018-08-06,70.9,55.9,63.1,2,64
2018-08-06,70.5,56,62.6,2,64
2018-08-06,71.7,56.4,63.1,2,65
2018-08-06,71.7,57.2,62.7,2,64
2018-08-06,72.6,57.2,62.9,2,64
2018-08-06,72.2,57,63.3,2,65
2018-08-06,72.4,57.5,63.1,2,64
2018-08-06,73,57.5,62.9,2,64
2018-08-06,73,57.9,63.3,2,66
2018-08-06,71.5,57.7,63.1,2,65
2018-08-06,71.5,57.5,63.4,2,66
2018-08-06,70.3,57.9,64,2,65
2018-08-06,70.1,57.4,63.6,2,61
2018-08-06,69.7,57.5,63.8,2,65
2018-08-06,69.2,57.5,64,2,59
2018-08-06,68.8,57.2,64.3,2,64
2018-08-06,69.2,57,65.1,2,64
2018-08-06,69.4,57.2,65.1,2,64
2018-08-06,69.9,57.4,64.5,2,64
2018-08-06,69.5,57.7,65.4,2,63
2018-08-06,69.7,57.9,65.6,2,64
2018-08-07,70.1,57.2,65.4,2,64
2018-08-07,70.5,58.2,65.8,2,64
2018-08-07,72.4,57.7,65.3,2,64
2018-08-07,71.5,58,66,2,60
2018-08-07,72.2,58.6,65.4,2,64
2018-08-07,72.2,58.6,66.2,2,64
2018-08-07,73,59.4,66.7,2,64
2018-08-07,73.4,59.6,66.7,2,64
2018-08-07,74,59.1,65.8,2,64
2018-08-07,74.4,59.4,66.2,2,63
2018-08-07,74.2,59.6,66,2,64
2018-08-07,73.8,59.6,66.2,2,65
2018-08-07,73.2,59.9,66.2,2,64
2018-08-07,72.6,60.1,66.4,2,65
2018-08-07,21.8,57.5,64.7,2,63
2018-08-07,24.2,57.7,64.9,2,64
2018-08-07,19.8,57.4,64.2,2,63
2018-08-07,22.8,57.5,64.7,2,64
2018-08-07,25.1,57.9,66.2,2,64
2018-08-07,26.2,57.9,65.3,2,64
2018-08-07,28.4,58,65.6,2,64
2018-08-07,30.6,58.4,65.6,2,64
2018-08-07,32.2,58.4,66.4,2,57
2018-08-07,33.8,58.7,66.7,2,59
2018-08-08,35.4,58.4,66.2,2,64
2018-08-08,36.8,59.1,66.4,2,64
2018-08-08,37.9,59.2,66.5,2,63
2018-08-08,39.1,59.4,67.3,2,64
2018-08-08,40.8,59.2,66.7,2,64
2018-08-08,42.1,59.4,67.3,2,62
2018-08-08,43.4,59.4,66.9,2,63
2018-08-08,44.5,59.9,67.1,2,63
2018-08-08,45.3,60.6,67.5,2,61
2018-08-08,46.3,60.6,67.8,2,61
2018-08-08,47,61.3,67.8,2,64
2018-08-08,49.3,60.6,67.7,2,58
2018-08-08,49.3,60.1,67.7,2,64
2018-08-08,49.9,60.1,67.7,2,64
2018-08-08,50.7,60.3,68.2,2,63
2018-08-08,51.6,59.9,68.8,2,64
2018-08-08,51.8,59.8,68,2,62
2018-08-08,51.6,59.9,68,2,63
2018-08-08,52.1,59.9,68.6,2,64
2018-08-08,52.9,59.8,68.2,2,63
2018-08-08,53.9,59.6,69.4,2,57
2018-08-08,53.9,60.3,69.4,2,63
2018-08-08,54.9,60.3,69,2,57
2018-08-09,55.2,60.3,69,2,59
2018-08-09,55.7,60.3,70.1,2,63
2018-08-09,55.7,60.4,69.2,2,61
2018-08-09,56.7,60.4,70.1,2,58
2018-08-09,57.4,60.4,69.4,2,63
2018-08-09,58.4,60.8,69.4,2,61
2018-08-09,59.1,60.8,69.4,2,62
2018-08-09,59.6,61.5,69.7,2,63
2018-08-09,60.4,61.7,69.5,2,63
2018-08-09,60.6,61.5,69.9,2,63
2018-08-09,61.1,61.3,70.3,2,60
2018-08-09,61.5,61.8,69.7,2,63
2018-08-09,62.4,61.7,69.7,2,63
2018-08-09,62,61.8,70.3,2,62
2018-08-09,62,60.8,70.1,2,63
2018-08-09,61.7,62.2,70.1,2,63
2018-08-09,61.3,61.8,70.5,2,63
2018-08-09,61.5,61.8,70.1,2,63
2018-08-09,61.5,61.3,70.9,2,62
2018-08-09,61,61.3,71.1,2,62
2018-08-09,61.5,61.5,71.1,2,56
2018-08-09,61.7,62.2,70.5,2,61
2018-08-09,61.7,61.5,70.7,2,62
2018-08-09,62.7,61.7,71.7,2,62
2018-08-10,61.8,62.2,71.1,2,61
2018-08-10,62.6,62.2,71.3,2,62
2018-08-10,62.9,61.8,71.3,2,62
2018-08-10,62.7,61.8,70.9,2,62
2018-08-10,39.1,61.3,69.9,2,62
2018-08-10,40.3,62.4,69.2,2,61
2018-08-10,41.2,61.8,69.7,2,62
2018-08-10,41.4,61.8,70.1,2,62
2018-08-10,42.8,62.6,70.9,2,62
2018-08-10,44.1,62.4,70.5,2,62
2018-08-10,45.7,62.6,70.1,2,57
2018-08-10,46.6,62.6,70.1,2,62
2018-08-10,48.8,62,70.3,2,62
2018-08-10,49,62,70.3,2,62
2018-08-10,49.8,61.7,70.9,2,62
2018-08-10,49.9,61.8,70.3,2,61
2018-08-10,53.6,61.8,71.1,2,62
2018-08-10,56.4,61.5,71.1,2,61
2018-08-10,58,61.5,71.3,2,61
2018-08-10,59.9,61.8,71.1,2,61
2018-08-10,61,62.2,72,2,62
2018-08-10,61.8,61.7,71.3,2,62
2018-08-10,62.6,62.2,72.6,2,62
2018-08-10,63.3,62.4,72,2,62
2018-08-11,64,62.4,72.2,2,61
2018-08-11,64,62.9,72,2,62
2018-08-11,64.9,63.8,72,2,57
2018-08-11,65.4,62.7,71.7,2,62
2018-08-11,66,63.6,71.9,2,62
2018-08-11,65.6,63.6,71.7,2,55
2018-08-11,66.7,64,72.2,2,62
2018-08-11,66.5,64.5,72.2,2,61
2018-08-11,66,64.5,72.6,2,58
2018-08-11,65.6,63.4,72.8,2,62
2018-08-11,64.5,63.4,71.9,2,61
2018-08-11,64.2,62.9,72,2,58
2018-08-11,62.7,62.9,71.9,2,62
2018-08-11,62.2,62.7,72.2,2,63
2018-08-11,61.3,63.4,71.9,2,59
2018-08-11,60.6,62.4,72.4,2,62
2018-08-11,60.4,62.4,72,2,63
2018-08-11,59.9,62,72,2,61
2018-08-11,60.8,62.4,73.6,2,59
2018-08-11,60.4,62.4,72.4,2,56
2018-08-11,59.9,62,72.4,2,61
2018-08-11,60.1,62,73.4,2,56
2018-08-11,60.4,62,73.4,2,60
2018-08-12,60.6,62.4,72.6,2,60
2018-08-12,60.4,62.7,73.2,2,61
2018-08-12,60.8,63.6,73.2,2,56
2018-08-12,61.7,63.1,72.8,2,61
2018-08-12,61.8,63.8,73,2,61
2018-08-12,62.2,63.4,73,2,61
2018-08-12,62.7,63.6,73,2,61
2018-08-12,62.7,63.4,72.8,2,61
2018-08-12,62.7,63.4,73,2,58
2018-08-12,62.6,63.4,73,2,61
2018-08-12,62.4,63.4,73,2,61
2018-08-12,62.6,63.1,73.2,2,61
2018-08-12,61.7,62.9,73,2,62
2018-08-12,60.6,62.9,73,2,62
2018-08-12,59.6,63.1,72.6,2,62
2018-08-12,58.9,62.6,73.4,2,62
2018-08-12,58.4,62.9,73,2,62
2018-08-12,58.6,62.2,73,2,62
2018-08-12,58.2,62,73.8,2,61
2018-08-12,59.1,62,73.4,2,60
2018-08-12,58.2,61.8,73.4,2,58
2018-08-12,58.4,61.8,73.4,2,61
2018-08-12,58.7,62.4,74.2,2,59
2018-08-12,59.1,62.2,73.8,2,61
2018-08-13,59.2,62.2,73.6,2,61
2018-08-13,60.1,63.3,73.4,2,59
2018-08-13,60.6,63.1,73.8,2,61
2018-08-13,61.1,62.6,74.4,2,61
2018-08-13,61.7,62.6,73.6,2,59
2018-08-13,63.3,63.4,75.2,2,61
2018-08-13,63.4,63.1,73.6,2,60
2018-08-13,64,63.3,73.8,2,61
2018-08-13,64.7,64,74,2,59
2018-08-13,65.3,64.2,74,2,60
2018-08-13,64.9,64,74.4,2,61
2018-08-13,64.3,64,74.4,2,61
2018-08-13,63.3,64.5,74.2,2,61
2018-08-13,63.1,64.7,75.6,2,58
2018-08-13,62.4,64,74.8,2,57
2018-08-13,61.8,63.6,74.2,2,59
2018-08-13,62,63.4,75.6,2,59
2018-08-13,61.7,63.1,75.2,2,59
2018-08-13,61.7,63.4,74.8,2,58
2018-08-13,62.7,62.9,74.8,2,59
2018-08-13,63.1,63.4,74.6,2,59
2018-08-13,62.6,63.3,75.6,2,57
2018-08-14,63.3,63.6,75,2,57
2018-08-14,63.8,63.4,75.4,2,59
2018-08-14,64,64,75.8,2,53
2018-08-14,64.7,64,74.8,2,59
2018-08-14,65.4,64.5,75.6,2,55
2018-08-14,66.9,64.7,76,2,59
2018-08-14,67.7,64.5,76.2,2,58
2018-08-14,68.2,64.7,75.2,2,53
2018-08-14,68.8,65.4,75.4,2,58
2018-08-14,69.2,66,75.2,2,58
2018-08-14,69.5,65.4,75.6,2,59
2018-08-14,68.8,66,75.6,2,59
2018-08-14,68.2,65.8,76.4,2,59
2018-08-14,68.4,65.8,75.8,2,59
2018-08-14,67.5,66.4,76,2,59
2018-08-14,66.7,65.8,76,2,59
